filename,Anthracnose,Bacterial Canker,Cutting Weevil,Die Back,Gall Midge,Healthy,Powdery Mildew,Sooty Mould,uploads
synthetic_Cutting Weevil_Sooty Mould_284.jpg,0,0,1,0,0,0,0,1,0
synthetic_Anthracnose_Sooty Mould_482.jpg,1,0,0,0,0,0,0,1,0
synthetic_Sooty Mould_Anthracnose_515.jpg,1,0,0,0,0,0,0,1,0
synthetic_Healthy_Sooty Mould_248.jpg,0,0,0,0,0,1,0,1,0
synthetic_uploads_Healthy_798.jpg,0,0,0,0,0,1,0,0,1
synthetic_Gall Midge_Bacterial Canker_483.jpg,0,1,0,0,1,0,0,0,0
synthetic_Gall Midge_Bacterial Canker_1670.jpg,0,1,0,0,1,0,0,0,0
synthetic_Gall Midge_Die Back_1555.jpg,0,0,0,1,1,0,0,0,0
synthetic_Die Back_Anthracnose_987.jpg,1,0,0,1,0,0,0,0,0
synthetic_Gall Midge_Powdery Mildew_902.jpg,0,0,0,0,1,0,1,0,0
synthetic_Powdery Mildew_Die Back_1979.jpg,0,0,0,1,0,0,1,0,0
synthetic_Anthracnose_Powdery Mildew_1398.jpg,1,0,0,0,0,0,1,0,0
synthetic_Anthracnose_Healthy_1837.jpg,1,0,0,0,0,1,0,0,0
synthetic_Bacterial Canker_Die Back_595.jpg,0,1,0,1,0,0,0,0,0
synthetic_Gall Midge_Bacterial Canker_298.jpg,0,1,0,0,1,0,0,0,0
synthetic_Cutting Weevil_Gall Midge_1947.jpg,0,0,1,0,1,0,0,0,0
synthetic_Powdery Mildew_Cutting Weevil_204.jpg,0,0,1,0,0,0,1,0,0
synthetic_Healthy_Bacterial Canker_1160.jpg,0,1,0,0,0,1,0,0,0
synthetic_Gall Midge_Die Back_1197.jpg,0,0,0,1,1,0,0,0,0
synthetic_Healthy_Anthracnose_1001.jpg,1,0,0,0,0,1,0,0,0
synthetic_Powdery Mildew_Bacterial Canker_1550.jpg,0,1,0,0,0,0,1,0,0
synthetic_Gall Midge_uploads_1599.jpg,0,0,0,0,1,0,0,0,1
synthetic_Anthracnose_uploads_1695.jpg,1,0,0,0,0,0,0,0,1
synthetic_Cutting Weevil_Anthracnose_1681.jpg,1,0,1,0,0,0,0,0,0
synthetic_Gall Midge_Anthracnose_133.jpg,1,0,0,0,1,0,0,0,0
synthetic_Bacterial Canker_Sooty Mould_1409.jpg,0,1,0,0,0,0,0,1,0
synthetic_Anthracnose_Cutting Weevil_1147.jpg,1,0,1,0,0,0,0,0,0
synthetic_Gall Midge_Sooty Mould_947.jpg,0,0,0,0,1,0,0,1,0
synthetic_Die Back_uploads_984.jpg,0,0,0,1,0,0,0,0,1
synthetic_Sooty Mould_Cutting Weevil_1948.jpg,0,0,1,0,0,0,0,1,0
synthetic_Gall Midge_Die Back_971.jpg,0,0,0,1,1,0,0,0,0
synthetic_uploads_Gall Midge_836.jpg,0,0,0,0,1,0,0,0,1
synthetic_Anthracnose_Cutting Weevil_1085.jpg,1,0,1,0,0,0,0,0,0
synthetic_Die Back_Anthracnose_44.jpg,1,0,0,1,0,0,0,0,0
synthetic_Cutting Weevil_Bacterial Canker_1778.jpg,0,1,1,0,0,0,0,0,0
synthetic_Sooty Mould_Gall Midge_1554.jpg,0,0,0,0,1,0,0,1,0
synthetic_Sooty Mould_Die Back_1788.jpg,0,0,0,1,0,0,0,1,0
synthetic_Sooty Mould_Anthracnose_1868.jpg,1,0,0,0,0,0,0,1,0
synthetic_Gall Midge_uploads_1562.jpg,0,0,0,0,1,0,0,0,1
synthetic_Gall Midge_Powdery Mildew_263.jpg,0,0,0,0,1,0,1,0,0
synthetic_Sooty Mould_Anthracnose_718.jpg,1,0,0,0,0,0,0,1,0
synthetic_Gall Midge_Healthy_1154.jpg,0,0,0,0,1,1,0,0,0
synthetic_uploads_Cutting Weevil_120.jpg,0,0,1,0,0,0,0,0,1
synthetic_Gall Midge_uploads_355.jpg,0,0,0,0,1,0,0,0,1
synthetic_Healthy_Gall Midge_1420.jpg,0,0,0,0,1,1,0,0,0
synthetic_Anthracnose_Healthy_1301.jpg,1,0,0,0,0,1,0,0,0
synthetic_Gall Midge_Sooty Mould_1172.jpg,0,0,0,0,1,0,0,1,0
synthetic_Powdery Mildew_Cutting Weevil_1142.jpg,0,0,1,0,0,0,1,0,0
synthetic_Powdery Mildew_Bacterial Canker_1337.jpg,0,1,0,0,0,0,1,0,0
synthetic_Anthracnose_Powdery Mildew_427.jpg,1,0,0,0,0,0,1,0,0
synthetic_Healthy_Powdery Mildew_1954.jpg,0,0,0,0,0,1,1,0,0
synthetic_Die Back_Anthracnose_1462.jpg,1,0,0,1,0,0,0,0,0
synthetic_Anthracnose_Healthy_1149.jpg,1,0,0,0,0,1,0,0,0
synthetic_Bacterial Canker_Sooty Mould_73.jpg,0,1,0,0,0,0,0,1,0
synthetic_Powdery Mildew_Healthy_370.jpg,0,0,0,0,0,1,1,0,0
synthetic_uploads_Powdery Mildew_320.jpg,0,0,0,0,0,0,1,0,1
synthetic_uploads_Gall Midge_995.jpg,0,0,0,0,1,0,0,0,1
synthetic_Bacterial Canker_Anthracnose_1774.jpg,1,1,0,0,0,0,0,0,0
synthetic_Sooty Mould_Gall Midge_948.jpg,0,0,0,0,1,0,0,1,0
synthetic_Healthy_Anthracnose_1283.jpg,1,0,0,0,0,1,0,0,0
synthetic_Sooty Mould_uploads_102.jpg,0,0,0,0,0,0,0,1,1
synthetic_Anthracnose_Gall Midge_1438.jpg,1,0,0,0,1,0,0,0,0
synthetic_Powdery Mildew_Bacterial Canker_498.jpg,0,1,0,0,0,0,1,0,0
synthetic_Cutting Weevil_Powdery Mildew_1239.jpg,0,0,1,0,0,0,1,0,0
synthetic_Anthracnose_uploads_155.jpg,1,0,0,0,0,0,0,0,1
synthetic_Bacterial Canker_Powdery Mildew_1404.jpg,0,1,0,0,0,0,1,0,0
synthetic_Gall Midge_Cutting Weevil_796.jpg,0,0,1,0,1,0,0,0,0
synthetic_Healthy_Sooty Mould_785.jpg,0,0,0,0,0,1,0,1,0
synthetic_Healthy_Die Back_479.jpg,0,0,0,1,0,1,0,0,0
synthetic_uploads_Powdery Mildew_1727.jpg,0,0,0,0,0,0,1,0,1
synthetic_Cutting Weevil_Bacterial Canker_1005.jpg,0,1,1,0,0,0,0,0,0
synthetic_Bacterial Canker_Die Back_1447.jpg,0,1,0,1,0,0,0,0,0
synthetic_Gall Midge_Powdery Mildew_1350.jpg,0,0,0,0,1,0,1,0,0
synthetic_Powdery Mildew_uploads_152.jpg,0,0,0,0,0,0,1,0,1
synthetic_Healthy_Cutting Weevil_680.jpg,0,0,1,0,0,1,0,0,0
synthetic_Healthy_Bacterial Canker_1113.jpg,0,1,0,0,0,1,0,0,0
synthetic_Powdery Mildew_Healthy_480.jpg,0,0,0,0,0,1,1,0,0
synthetic_Healthy_Bacterial Canker_272.jpg,0,1,0,0,0,1,0,0,0
synthetic_Powdery Mildew_Gall Midge_576.jpg,0,0,0,0,1,0,1,0,0
synthetic_Powdery Mildew_Die Back_866.jpg,0,0,0,1,0,0,1,0,0
synthetic_Healthy_Gall Midge_1333.jpg,0,0,0,0,1,1,0,0,0
synthetic_Sooty Mould_Anthracnose_704.jpg,1,0,0,0,0,0,0,1,0
synthetic_Die Back_Powdery Mildew_37.jpg,0,0,0,1,0,0,1,0,0
synthetic_Healthy_uploads_23.jpg,0,0,0,0,0,1,0,0,1
synthetic_Powdery Mildew_Cutting Weevil_1574.jpg,0,0,1,0,0,0,1,0,0
synthetic_Cutting Weevil_Gall Midge_1318.jpg,0,0,1,0,1,0,0,0,0
synthetic_Powdery Mildew_Gall Midge_126.jpg,0,0,0,0,1,0,1,0,0
synthetic_Anthracnose_Sooty Mould_1319.jpg,1,0,0,0,0,0,0,1,0
synthetic_Cutting Weevil_uploads_13.jpg,0,0,1,0,0,0,0,0,1
synthetic_Powdery Mildew_Bacterial Canker_724.jpg,0,1,0,0,0,0,1,0,0
synthetic_Bacterial Canker_Die Back_1901.jpg,0,1,0,1,0,0,0,0,0
synthetic_Anthracnose_Cutting Weevil_992.jpg,1,0,1,0,0,0,0,0,0
synthetic_Sooty Mould_Die Back_1009.jpg,0,0,0,1,0,0,0,1,0
synthetic_uploads_Powdery Mildew_66.jpg,0,0,0,0,0,0,1,0,1
synthetic_Cutting Weevil_Bacterial Canker_124.jpg,0,1,1,0,0,0,0,0,0
synthetic_Healthy_Powdery Mildew_717.jpg,0,0,0,0,0,1,1,0,0
synthetic_Powdery Mildew_Sooty Mould_336.jpg,0,0,0,0,0,0,1,1,0
synthetic_Healthy_Sooty Mould_1984.jpg,0,0,0,0,0,1,0,1,0
synthetic_Bacterial Canker_uploads_1513.jpg,0,1,0,0,0,0,0,0,1
synthetic_Die Back_Bacterial Canker_1640.jpg,0,1,0,1,0,0,0,0,0
synthetic_Powdery Mildew_Bacterial Canker_1910.jpg,0,1,0,0,0,0,1,0,0
synthetic_Sooty Mould_Anthracnose_1686.jpg,1,0,0,0,0,0,0,1,0
synthetic_Gall Midge_Anthracnose_1548.jpg,1,0,0,0,1,0,0,0,0
synthetic_Gall Midge_Cutting Weevil_1575.jpg,0,0,1,0,1,0,0,0,0
synthetic_uploads_Bacterial Canker_758.jpg,0,1,0,0,0,0,0,0,1
synthetic_Sooty Mould_Die Back_173.jpg,0,0,0,1,0,0,0,1,0
synthetic_Anthracnose_Bacterial Canker_409.jpg,1,1,0,0,0,0,0,0,0
synthetic_Gall Midge_Bacterial Canker_805.jpg,0,1,0,0,1,0,0,0,0
synthetic_Powdery Mildew_Bacterial Canker_1033.jpg,0,1,0,0,0,0,1,0,0
synthetic_Gall Midge_Anthracnose_497.jpg,1,0,0,0,1,0,0,0,0
synthetic_Bacterial Canker_Healthy_199.jpg,0,1,0,0,0,1,0,0,0
synthetic_uploads_Gall Midge_1804.jpg,0,0,0,0,1,0,0,0,1
synthetic_uploads_Die Back_1763.jpg,0,0,0,1,0,0,0,0,1
synthetic_Healthy_Die Back_1538.jpg,0,0,0,1,0,1,0,0,0
synthetic_Powdery Mildew_Sooty Mould_1581.jpg,0,0,0,0,0,0,1,1,0
synthetic_Anthracnose_Healthy_1735.jpg,1,0,0,0,0,1,0,0,0
synthetic_Cutting Weevil_Powdery Mildew_1645.jpg,0,0,1,0,0,0,1,0,0
synthetic_Healthy_Bacterial Canker_1390.jpg,0,1,0,0,0,1,0,0,0
synthetic_Powdery Mildew_uploads_1245.jpg,0,0,0,0,0,0,1,0,1
synthetic_Anthracnose_uploads_1060.jpg,1,0,0,0,0,0,0,0,1
synthetic_Cutting Weevil_Powdery Mildew_103.jpg,0,0,1,0,0,0,1,0,0
synthetic_Healthy_Bacterial Canker_955.jpg,0,1,0,0,0,1,0,0,0
synthetic_Anthracnose_Bacterial Canker_410.jpg,1,1,0,0,0,0,0,0,0
synthetic_Healthy_Gall Midge_1625.jpg,0,0,0,0,1,1,0,0,0
synthetic_Sooty Mould_Die Back_1104.jpg,0,0,0,1,0,0,0,1,0
synthetic_Die Back_Sooty Mould_399.jpg,0,0,0,1,0,0,0,1,0
synthetic_uploads_Powdery Mildew_1630.jpg,0,0,0,0,0,0,1,0,1
synthetic_Cutting Weevil_Die Back_1056.jpg,0,0,1,1,0,0,0,0,0
synthetic_Healthy_Die Back_569.jpg,0,0,0,1,0,1,0,0,0
synthetic_Anthracnose_Cutting Weevil_1115.jpg,1,0,1,0,0,0,0,0,0
synthetic_Anthracnose_Gall Midge_1388.jpg,1,0,0,0,1,0,0,0,0
synthetic_uploads_Die Back_1223.jpg,0,0,0,1,0,0,0,0,1
synthetic_Cutting Weevil_Sooty Mould_1988.jpg,0,0,1,0,0,0,0,1,0
synthetic_Bacterial Canker_Anthracnose_1078.jpg,1,1,0,0,0,0,0,0,0
synthetic_Cutting Weevil_Gall Midge_1605.jpg,0,0,1,0,1,0,0,0,0
synthetic_Powdery Mildew_Anthracnose_45.jpg,1,0,0,0,0,0,1,0,0
synthetic_Cutting Weevil_uploads_838.jpg,0,0,1,0,0,0,0,0,1
synthetic_Powdery Mildew_Sooty Mould_688.jpg,0,0,0,0,0,0,1,1,0
synthetic_Powdery Mildew_Sooty Mould_365.jpg,0,0,0,0,0,0,1,1,0
synthetic_Cutting Weevil_Powdery Mildew_1679.jpg,0,0,1,0,0,0,1,0,0
synthetic_Cutting Weevil_Die Back_496.jpg,0,0,1,1,0,0,0,0,0
synthetic_Sooty Mould_Anthracnose_303.jpg,1,0,0,0,0,0,0,1,0
synthetic_uploads_Die Back_640.jpg,0,0,0,1,0,0,0,0,1
synthetic_Die Back_Sooty Mould_500.jpg,0,0,0,1,0,0,0,1,0
synthetic_Cutting Weevil_Healthy_1627.jpg,0,0,1,0,0,1,0,0,0
synthetic_Powdery Mildew_Anthracnose_1995.jpg,1,0,0,0,0,0,1,0,0
synthetic_Bacterial Canker_Die Back_312.jpg,0,1,0,1,0,0,0,0,0
synthetic_Anthracnose_uploads_671.jpg,1,0,0,0,0,0,0,0,1
synthetic_Die Back_Powdery Mildew_1672.jpg,0,0,0,1,0,0,1,0,0
synthetic_Die Back_Cutting Weevil_1177.jpg,0,0,1,1,0,0,0,0,0
synthetic_Sooty Mould_Anthracnose_391.jpg,1,0,0,0,0,0,0,1,0
synthetic_Sooty Mould_uploads_385.jpg,0,0,0,0,0,0,0,1,1
synthetic_Anthracnose_Sooty Mould_159.jpg,1,0,0,0,0,0,0,1,0
synthetic_Die Back_Healthy_1646.jpg,0,0,0,1,0,1,0,0,0
synthetic_Anthracnose_Healthy_1949.jpg,1,0,0,0,0,1,0,0,0
synthetic_Die Back_Powdery Mildew_1680.jpg,0,0,0,1,0,0,1,0,0
synthetic_Gall Midge_Die Back_1034.jpg,0,0,0,1,1,0,0,0,0
synthetic_Die Back_Gall Midge_1944.jpg,0,0,0,1,1,0,0,0,0
synthetic_Healthy_Cutting Weevil_1358.jpg,0,0,1,0,0,1,0,0,0
synthetic_Gall Midge_Anthracnose_1953.jpg,1,0,0,0,1,0,0,0,0
synthetic_uploads_Powdery Mildew_1937.jpg,0,0,0,0,0,0,1,0,1
synthetic_Cutting Weevil_Sooty Mould_140.jpg,0,0,1,0,0,0,0,1,0
synthetic_Bacterial Canker_Cutting Weevil_1314.jpg,0,1,1,0,0,0,0,0,0
synthetic_Healthy_Sooty Mould_1193.jpg,0,0,0,0,0,1,0,1,0
synthetic_Bacterial Canker_Cutting Weevil_791.jpg,0,1,1,0,0,0,0,0,0
synthetic_uploads_Healthy_1131.jpg,0,0,0,0,0,1,0,0,1
synthetic_Powdery Mildew_Gall Midge_1927.jpg,0,0,0,0,1,0,1,0,0
synthetic_Gall Midge_Die Back_863.jpg,0,0,0,1,1,0,0,0,0
synthetic_Cutting Weevil_Gall Midge_138.jpg,0,0,1,0,1,0,0,0,0
synthetic_Anthracnose_uploads_1508.jpg,1,0,0,0,0,0,0,0,1
synthetic_Healthy_Gall Midge_728.jpg,0,0,0,0,1,1,0,0,0
synthetic_Gall Midge_Sooty Mould_1589.jpg,0,0,0,0,1,0,0,1,0
synthetic_Die Back_Bacterial Canker_1273.jpg,0,1,0,1,0,0,0,0,0
synthetic_Healthy_Powdery Mildew_1343.jpg,0,0,0,0,0,1,1,0,0
synthetic_uploads_Sooty Mould_259.jpg,0,0,0,0,0,0,0,1,1
synthetic_Sooty Mould_Bacterial Canker_1532.jpg,0,1,0,0,0,0,0,1,0
synthetic_Bacterial Canker_Gall Midge_53.jpg,0,1,0,0,1,0,0,0,0
synthetic_Healthy_Anthracnose_1106.jpg,1,0,0,0,0,1,0,0,0
synthetic_Powdery Mildew_Die Back_804.jpg,0,0,0,1,0,0,1,0,0
synthetic_Healthy_Die Back_1864.jpg,0,0,0,1,0,1,0,0,0
synthetic_uploads_Cutting Weevil_1906.jpg,0,0,1,0,0,0,0,0,1
synthetic_Healthy_Sooty Mould_1065.jpg,0,0,0,0,0,1,0,1,0
synthetic_Sooty Mould_Cutting Weevil_231.jpg,0,0,1,0,0,0,0,1,0
synthetic_Anthracnose_Healthy_150.jpg,1,0,0,0,0,1,0,0,0
synthetic_Anthracnose_Gall Midge_853.jpg,1,0,0,0,1,0,0,0,0
synthetic_Anthracnose_Die Back_966.jpg,1,0,0,1,0,0,0,0,0
synthetic_Sooty Mould_Anthracnose_1989.jpg,1,0,0,0,0,0,0,1,0
synthetic_Cutting Weevil_Sooty Mould_185.jpg,0,0,1,0,0,0,0,1,0
synthetic_uploads_Sooty Mould_1069.jpg,0,0,0,0,0,0,0,1,1
synthetic_Gall Midge_Anthracnose_4.jpg,1,0,0,0,1,0,0,0,0
synthetic_Bacterial Canker_Anthracnose_374.jpg,1,1,0,0,0,0,0,0,0
synthetic_Gall Midge_Bacterial Canker_692.jpg,0,1,0,0,1,0,0,0,0
synthetic_Cutting Weevil_Bacterial Canker_1099.jpg,0,1,1,0,0,0,0,0,0
synthetic_Anthracnose_Healthy_1294.jpg,1,0,0,0,0,1,0,0,0
synthetic_Bacterial Canker_Healthy_40.jpg,0,1,0,0,0,1,0,0,0
synthetic_Healthy_Sooty Mould_503.jpg,0,0,0,0,0,1,0,1,0
synthetic_Anthracnose_uploads_1004.jpg,1,0,0,0,0,0,0,0,1
synthetic_Sooty Mould_Bacterial Canker_317.jpg,0,1,0,0,0,0,0,1,0
synthetic_Powdery Mildew_Anthracnose_216.jpg,1,0,0,0,0,0,1,0,0
synthetic_Powdery Mildew_Die Back_562.jpg,0,0,0,1,0,0,1,0,0
synthetic_uploads_Healthy_147.jpg,0,0,0,0,0,1,0,0,1
synthetic_Gall Midge_Bacterial Canker_859.jpg,0,1,0,0,1,0,0,0,0
synthetic_Healthy_Gall Midge_238.jpg,0,0,0,0,1,1,0,0,0
synthetic_Healthy_Anthracnose_350.jpg,1,0,0,0,0,1,0,0,0
synthetic_Healthy_Gall Midge_1475.jpg,0,0,0,0,1,1,0,0,0
synthetic_Cutting Weevil_Powdery Mildew_958.jpg,0,0,1,0,0,0,1,0,0
synthetic_Cutting Weevil_uploads_580.jpg,0,0,1,0,0,0,0,0,1
synthetic_Powdery Mildew_Gall Midge_1710.jpg,0,0,0,0,1,0,1,0,0
synthetic_Bacterial Canker_Powdery Mildew_634.jpg,0,1,0,0,0,0,1,0,0
synthetic_Die Back_Sooty Mould_1496.jpg,0,0,0,1,0,0,0,1,0
synthetic_Sooty Mould_Bacterial Canker_494.jpg,0,1,0,0,0,0,0,1,0
synthetic_Sooty Mould_Gall Midge_860.jpg,0,0,0,0,1,0,0,1,0
synthetic_Sooty Mould_Die Back_1777.jpg,0,0,0,1,0,0,0,1,0
synthetic_Bacterial Canker_Cutting Weevil_831.jpg,0,1,1,0,0,0,0,0,0
synthetic_Gall Midge_Die Back_1783.jpg,0,0,0,1,1,0,0,0,0
synthetic_Powdery Mildew_Bacterial Canker_1708.jpg,0,1,0,0,0,0,1,0,0
synthetic_Anthracnose_Healthy_1155.jpg,1,0,0,0,0,1,0,0,0
synthetic_Die Back_Anthracnose_92.jpg,1,0,0,1,0,0,0,0,0
synthetic_Bacterial Canker_Sooty Mould_1687.jpg,0,1,0,0,0,0,0,1,0
synthetic_Sooty Mould_Die Back_1890.jpg,0,0,0,1,0,0,0,1,0
synthetic_Anthracnose_Gall Midge_1017.jpg,1,0,0,0,1,0,0,0,0
synthetic_Anthracnose_Gall Midge_1380.jpg,1,0,0,0,1,0,0,0,0
synthetic_Sooty Mould_Anthracnose_49.jpg,1,0,0,0,0,0,0,1,0
synthetic_uploads_Bacterial Canker_1385.jpg,0,1,0,0,0,0,0,0,1
synthetic_Healthy_Gall Midge_1161.jpg,0,0,0,0,1,1,0,0,0
synthetic_Bacterial Canker_Gall Midge_1300.jpg,0,1,0,0,1,0,0,0,0
synthetic_uploads_Cutting Weevil_1932.jpg,0,0,1,0,0,0,0,0,1
synthetic_Powdery Mildew_uploads_1647.jpg,0,0,0,0,0,0,1,0,1
synthetic_Sooty Mould_Gall Midge_1623.jpg,0,0,0,0,1,0,0,1,0
synthetic_Gall Midge_uploads_1459.jpg,0,0,0,0,1,0,0,0,1
synthetic_Healthy_Sooty Mould_304.jpg,0,0,0,0,0,1,0,1,0
synthetic_Powdery Mildew_Sooty Mould_69.jpg,0,0,0,0,0,0,1,1,0
synthetic_Sooty Mould_Cutting Weevil_276.jpg,0,0,1,0,0,0,0,1,0
synthetic_Bacterial Canker_Powdery Mildew_731.jpg,0,1,0,0,0,0,1,0,0
synthetic_Healthy_Powdery Mildew_1325.jpg,0,0,0,0,0,1,1,0,0
synthetic_uploads_Gall Midge_623.jpg,0,0,0,0,1,0,0,0,1
synthetic_Gall Midge_Bacterial Canker_29.jpg,0,1,0,0,1,0,0,0,0
synthetic_uploads_Anthracnose_679.jpg,1,0,0,0,0,0,0,0,1
synthetic_uploads_Bacterial Canker_1565.jpg,0,1,0,0,0,0,0,0,1
synthetic_Healthy_Die Back_1403.jpg,0,0,0,1,0,1,0,0,0
synthetic_Gall Midge_Sooty Mould_911.jpg,0,0,0,0,1,0,0,1,0
synthetic_Gall Midge_uploads_1395.jpg,0,0,0,0,1,0,0,0,1
synthetic_Die Back_Cutting Weevil_67.jpg,0,0,1,1,0,0,0,0,0
synthetic_Anthracnose_Bacterial Canker_319.jpg,1,1,0,0,0,0,0,0,0
synthetic_Powdery Mildew_Healthy_1379.jpg,0,0,0,0,0,1,1,0,0
synthetic_Sooty Mould_Healthy_335.jpg,0,0,0,0,0,1,0,1,0
synthetic_Sooty Mould_Die Back_1649.jpg,0,0,0,1,0,0,0,1,0
synthetic_Anthracnose_Cutting Weevil_1118.jpg,1,0,1,0,0,0,0,0,0
synthetic_Healthy_Sooty Mould_1471.jpg,0,0,0,0,0,1,0,1,0
synthetic_uploads_Cutting Weevil_685.jpg,0,0,1,0,0,0,0,0,1
synthetic_Powdery Mildew_Sooty Mould_1259.jpg,0,0,0,0,0,0,1,1,0
synthetic_Gall Midge_Powdery Mildew_708.jpg,0,0,0,0,1,0,1,0,0
synthetic_uploads_Gall Midge_1996.jpg,0,0,0,0,1,0,0,0,1
synthetic_Die Back_Bacterial Canker_1051.jpg,0,1,0,1,0,0,0,0,0
synthetic_Healthy_Die Back_1406.jpg,0,0,0,1,0,1,0,0,0
synthetic_Powdery Mildew_Cutting Weevil_330.jpg,0,0,1,0,0,0,1,0,0
synthetic_uploads_Healthy_106.jpg,0,0,0,0,0,1,0,0,1
synthetic_Sooty Mould_Anthracnose_291.jpg,1,0,0,0,0,0,0,1,0
synthetic_Healthy_Powdery Mildew_1813.jpg,0,0,0,0,0,1,1,0,0
synthetic_Powdery Mildew_Healthy_323.jpg,0,0,0,0,0,1,1,0,0
synthetic_Powdery Mildew_Die Back_528.jpg,0,0,0,1,0,0,1,0,0
synthetic_Sooty Mould_Anthracnose_1960.jpg,1,0,0,0,0,0,0,1,0
synthetic_Bacterial Canker_Sooty Mould_1723.jpg,0,1,0,0,0,0,0,1,0
synthetic_Anthracnose_Healthy_1328.jpg,1,0,0,0,0,1,0,0,0
synthetic_Gall Midge_Powdery Mildew_682.jpg,0,0,0,0,1,0,1,0,0
synthetic_Die Back_Sooty Mould_261.jpg,0,0,0,1,0,0,0,1,0
synthetic_Powdery Mildew_Gall Midge_1990.jpg,0,0,0,0,1,0,1,0,0
synthetic_uploads_Cutting Weevil_898.jpg,0,0,1,0,0,0,0,0,1
synthetic_Cutting Weevil_Die Back_983.jpg,0,0,1,1,0,0,0,0,0
synthetic_Powdery Mildew_Sooty Mould_573.jpg,0,0,0,0,0,0,1,1,0
synthetic_Healthy_Sooty Mould_524.jpg,0,0,0,0,0,1,0,1,0
synthetic_Bacterial Canker_Anthracnose_1052.jpg,1,1,0,0,0,0,0,0,0
synthetic_Powdery Mildew_Die Back_1384.jpg,0,0,0,1,0,0,1,0,0
synthetic_Bacterial Canker_Die Back_1184.jpg,0,1,0,1,0,0,0,0,0
synthetic_uploads_Die Back_611.jpg,0,0,0,1,0,0,0,0,1
synthetic_Powdery Mildew_Anthracnose_1835.jpg,1,0,0,0,0,0,1,0,0
synthetic_Gall Midge_Cutting Weevil_1243.jpg,0,0,1,0,1,0,0,0,0
synthetic_Die Back_Cutting Weevil_1564.jpg,0,0,1,1,0,0,0,0,0
synthetic_Anthracnose_Powdery Mildew_339.jpg,1,0,0,0,0,0,1,0,0
synthetic_Gall Midge_Die Back_1226.jpg,0,0,0,1,1,0,0,0,0
synthetic_Gall Midge_Die Back_1740.jpg,0,0,0,1,1,0,0,0,0
synthetic_Gall Midge_Sooty Mould_177.jpg,0,0,0,0,1,0,0,1,0
synthetic_Anthracnose_Sooty Mould_1654.jpg,1,0,0,0,0,0,0,1,0
synthetic_Gall Midge_Die Back_1536.jpg,0,0,0,1,1,0,0,0,0
synthetic_Anthracnose_Healthy_485.jpg,1,0,0,0,0,1,0,0,0
synthetic_Healthy_Bacterial Canker_1622.jpg,0,1,0,0,0,1,0,0,0
synthetic_uploads_Anthracnose_331.jpg,1,0,0,0,0,0,0,0,1
synthetic_uploads_Sooty Mould_1413.jpg,0,0,0,0,0,0,0,1,1
synthetic_Bacterial Canker_Die Back_1846.jpg,0,1,0,1,0,0,0,0,0
synthetic_Gall Midge_Healthy_531.jpg,0,0,0,0,1,1,0,0,0
synthetic_Cutting Weevil_Sooty Mould_424.jpg,0,0,1,0,0,0,0,1,0
synthetic_uploads_Sooty Mould_516.jpg,0,0,0,0,0,0,0,1,1
synthetic_Powdery Mildew_Healthy_1457.jpg,0,0,0,0,0,1,1,0,0
synthetic_Sooty Mould_Cutting Weevil_1703.jpg,0,0,1,0,0,0,0,1,0
synthetic_Die Back_Anthracnose_1476.jpg,1,0,0,1,0,0,0,0,0
synthetic_Healthy_Cutting Weevil_115.jpg,0,0,1,0,0,1,0,0,0
synthetic_Powdery Mildew_Sooty Mould_1856.jpg,0,0,0,0,0,0,1,1,0
synthetic_Die Back_Bacterial Canker_615.jpg,0,1,0,1,0,0,0,0,0
synthetic_Sooty Mould_Powdery Mildew_456.jpg,0,0,0,0,0,0,1,1,0
synthetic_Die Back_Sooty Mould_1741.jpg,0,0,0,1,0,0,0,1,0
synthetic_Bacterial Canker_Healthy_371.jpg,0,1,0,0,0,1,0,0,0
synthetic_uploads_Healthy_1811.jpg,0,0,0,0,0,1,0,0,1
synthetic_Gall Midge_Healthy_1178.jpg,0,0,0,0,1,1,0,0,0
synthetic_uploads_Bacterial Canker_1637.jpg,0,1,0,0,0,0,0,0,1
synthetic_Gall Midge_Anthracnose_631.jpg,1,0,0,0,1,0,0,0,0
synthetic_Powdery Mildew_Healthy_1852.jpg,0,0,0,0,0,1,1,0,0
synthetic_Sooty Mould_Cutting Weevil_1808.jpg,0,0,1,0,0,0,0,1,0
synthetic_Anthracnose_Gall Midge_63.jpg,1,0,0,0,1,0,0,0,0
synthetic_Healthy_Anthracnose_369.jpg,1,0,0,0,0,1,0,0,0
synthetic_Anthracnose_Gall Midge_960.jpg,1,0,0,0,1,0,0,0,0
synthetic_Anthracnose_Powdery Mildew_541.jpg,1,0,0,0,0,0,1,0,0
synthetic_Bacterial Canker_Gall Midge_1267.jpg,0,1,0,0,1,0,0,0,0
synthetic_Sooty Mould_Cutting Weevil_1736.jpg,0,0,1,0,0,0,0,1,0
synthetic_Bacterial Canker_Die Back_723.jpg,0,1,0,1,0,0,0,0,0
synthetic_Bacterial Canker_Sooty Mould_1977.jpg,0,1,0,0,0,0,0,1,0
synthetic_Healthy_Cutting Weevil_1096.jpg,0,0,1,0,0,1,0,0,0
synthetic_Cutting Weevil_Die Back_112.jpg,0,0,1,1,0,0,0,0,0
synthetic_Powdery Mildew_Die Back_663.jpg,0,0,0,1,0,0,1,0,0
synthetic_Sooty Mould_Die Back_534.jpg,0,0,0,1,0,0,0,1,0
synthetic_Die Back_Bacterial Canker_334.jpg,0,1,0,1,0,0,0,0,0
synthetic_Die Back_Gall Midge_1493.jpg,0,0,0,1,1,0,0,0,0
synthetic_Cutting Weevil_Gall Midge_736.jpg,0,0,1,0,1,0,0,0,0
synthetic_Cutting Weevil_Die Back_1730.jpg,0,0,1,1,0,0,0,0,0
synthetic_Healthy_Sooty Mould_1880.jpg,0,0,0,0,0,1,0,1,0
synthetic_Sooty Mould_Anthracnose_493.jpg,1,0,0,0,0,0,0,1,0
synthetic_Bacterial Canker_Gall Midge_752.jpg,0,1,0,0,1,0,0,0,0
synthetic_Anthracnose_Powdery Mildew_835.jpg,1,0,0,0,0,0,1,0,0
synthetic_Bacterial Canker_Gall Midge_1931.jpg,0,1,0,0,1,0,0,0,0
synthetic_Healthy_uploads_1706.jpg,0,0,0,0,0,1,0,0,1
synthetic_Gall Midge_Powdery Mildew_1144.jpg,0,0,0,0,1,0,1,0,0
synthetic_uploads_Sooty Mould_1854.jpg,0,0,0,0,0,0,0,1,1
synthetic_Sooty Mould_Bacterial Canker_436.jpg,0,1,0,0,0,0,0,1,0
synthetic_Powdery Mildew_Anthracnose_1519.jpg,1,0,0,0,0,0,1,0,0
synthetic_Bacterial Canker_uploads_217.jpg,0,1,0,0,0,0,0,0,1
synthetic_Anthracnose_Sooty Mould_1308.jpg,1,0,0,0,0,0,0,1,0
synthetic_Bacterial Canker_uploads_754.jpg,0,1,0,0,0,0,0,0,1
synthetic_Cutting Weevil_Powdery Mildew_1966.jpg,0,0,1,0,0,0,1,0,0
synthetic_Bacterial Canker_Anthracnose_134.jpg,1,1,0,0,0,0,0,0,0
synthetic_Die Back_Healthy_228.jpg,0,0,0,1,0,1,0,0,0
synthetic_Gall Midge_Anthracnose_1386.jpg,1,0,0,0,1,0,0,0,0
synthetic_Sooty Mould_Anthracnose_756.jpg,1,0,0,0,0,0,0,1,0
synthetic_uploads_Die Back_1501.jpg,0,0,0,1,0,0,0,0,1
synthetic_uploads_Sooty Mould_1421.jpg,0,0,0,0,0,0,0,1,1
synthetic_Cutting Weevil_Healthy_1344.jpg,0,0,1,0,0,1,0,0,0
synthetic_Bacterial Canker_Die Back_642.jpg,0,1,0,1,0,0,0,0,0
synthetic_Anthracnose_Healthy_1716.jpg,1,0,0,0,0,1,0,0,0
synthetic_Gall Midge_Sooty Mould_1271.jpg,0,0,0,0,1,0,0,1,0
synthetic_Powdery Mildew_uploads_1173.jpg,0,0,0,0,0,0,1,0,1
synthetic_Die Back_Gall Midge_1823.jpg,0,0,0,1,1,0,0,0,0
synthetic_Die Back_uploads_340.jpg,0,0,0,1,0,0,0,0,1
synthetic_Sooty Mould_Anthracnose_1865.jpg,1,0,0,0,0,0,0,1,0
synthetic_Anthracnose_Bacterial Canker_1028.jpg,1,1,0,0,0,0,0,0,0
synthetic_Cutting Weevil_Anthracnose_571.jpg,1,0,1,0,0,0,0,0,0
synthetic_Sooty Mould_Die Back_1628.jpg,0,0,0,1,0,0,0,1,0
synthetic_Cutting Weevil_Powdery Mildew_1109.jpg,0,0,1,0,0,0,1,0,0
synthetic_Gall Midge_Bacterial Canker_504.jpg,0,1,0,0,1,0,0,0,0
synthetic_Bacterial Canker_uploads_684.jpg,0,1,0,0,0,0,0,0,1
synthetic_uploads_Sooty Mould_1275.jpg,0,0,0,0,0,0,0,1,1
synthetic_Gall Midge_Cutting Weevil_1676.jpg,0,0,1,0,1,0,0,0,0
synthetic_Anthracnose_Sooty Mould_109.jpg,1,0,0,0,0,0,0,1,0
synthetic_Powdery Mildew_Sooty Mould_945.jpg,0,0,0,0,0,0,1,1,0
synthetic_uploads_Cutting Weevil_546.jpg,0,0,1,0,0,0,0,0,1
synthetic_Cutting Weevil_Bacterial Canker_470.jpg,0,1,1,0,0,0,0,0,0
synthetic_Anthracnose_Sooty Mould_1010.jpg,1,0,0,0,0,0,0,1,0
synthetic_uploads_Cutting Weevil_429.jpg,0,0,1,0,0,0,0,0,1
synthetic_Die Back_Cutting Weevil_716.jpg,0,0,1,1,0,0,0,0,0
synthetic_Die Back_Healthy_695.jpg,0,0,0,1,0,1,0,0,0
synthetic_uploads_Die Back_1541.jpg,0,0,0,1,0,0,0,0,1
synthetic_Anthracnose_Healthy_1877.jpg,1,0,0,0,0,1,0,0,0
synthetic_Healthy_Bacterial Canker_1399.jpg,0,1,0,0,0,1,0,0,0
synthetic_Anthracnose_Powdery Mildew_1773.jpg,1,0,0,0,0,0,1,0,0
synthetic_Sooty Mould_Anthracnose_1187.jpg,1,0,0,0,0,0,0,1,0
synthetic_Bacterial Canker_Sooty Mould_1782.jpg,0,1,0,0,0,0,0,1,0
synthetic_Cutting Weevil_uploads_1095.jpg,0,0,1,0,0,0,0,0,1
synthetic_Cutting Weevil_Powdery Mildew_1626.jpg,0,0,1,0,0,0,1,0,0
synthetic_Die Back_Bacterial Canker_1103.jpg,0,1,0,1,0,0,0,0,0
synthetic_Powdery Mildew_Bacterial Canker_583.jpg,0,1,0,0,0,0,1,0,0
synthetic_Sooty Mould_Powdery Mildew_961.jpg,0,0,0,0,0,0,1,1,0
synthetic_Gall Midge_Sooty Mould_99.jpg,0,0,0,0,1,0,0,1,0
synthetic_Sooty Mould_Die Back_1222.jpg,0,0,0,1,0,0,0,1,0
synthetic_Healthy_Die Back_750.jpg,0,0,0,1,0,1,0,0,0
synthetic_Powdery Mildew_Healthy_1935.jpg,0,0,0,0,0,1,1,0,0
synthetic_Die Back_Cutting Weevil_532.jpg,0,0,1,1,0,0,0,0,0
synthetic_Bacterial Canker_uploads_1999.jpg,0,1,0,0,0,0,0,0,1
synthetic_Die Back_Cutting Weevil_812.jpg,0,0,1,1,0,0,0,0,0
synthetic_Anthracnose_Cutting Weevil_1838.jpg,1,0,1,0,0,0,0,0,0
synthetic_Cutting Weevil_Gall Midge_1780.jpg,0,0,1,0,1,0,0,0,0
synthetic_Sooty Mould_Die Back_1950.jpg,0,0,0,1,0,0,0,1,0
synthetic_Die Back_Healthy_285.jpg,0,0,0,1,0,1,0,0,0
synthetic_Healthy_Gall Midge_438.jpg,0,0,0,0,1,1,0,0,0
synthetic_Powdery Mildew_Cutting Weevil_82.jpg,0,0,1,0,0,0,1,0,0
synthetic_Sooty Mould_Anthracnose_256.jpg,1,0,0,0,0,0,0,1,0
synthetic_Healthy_uploads_522.jpg,0,0,0,0,0,1,0,0,1
synthetic_Anthracnose_Powdery Mildew_10.jpg,1,0,0,0,0,0,1,0,0
synthetic_Healthy_Gall Midge_923.jpg,0,0,0,0,1,1,0,0,0
synthetic_Gall Midge_Cutting Weevil_1274.jpg,0,0,1,0,1,0,0,0,0
synthetic_Anthracnose_Die Back_39.jpg,1,0,0,1,0,0,0,0,0
synthetic_uploads_Healthy_782.jpg,0,0,0,0,0,1,0,0,1
synthetic_Powdery Mildew_Sooty Mould_1963.jpg,0,0,0,0,0,0,1,1,0
synthetic_Powdery Mildew_uploads_822.jpg,0,0,0,0,0,0,1,0,1
synthetic_Sooty Mould_Anthracnose_1722.jpg,1,0,0,0,0,0,0,1,0
synthetic_Anthracnose_Healthy_240.jpg,1,0,0,0,0,1,0,0,0
synthetic_Powdery Mildew_Gall Midge_1511.jpg,0,0,0,0,1,0,1,0,0
synthetic_Cutting Weevil_Sooty Mould_182.jpg,0,0,1,0,0,0,0,1,0
synthetic_Cutting Weevil_Anthracnose_1134.jpg,1,0,1,0,0,0,0,0,0
synthetic_Healthy_Powdery Mildew_471.jpg,0,0,0,0,0,1,1,0,0
synthetic_Die Back_Bacterial Canker_1265.jpg,0,1,0,1,0,0,0,0,0
synthetic_Powdery Mildew_Anthracnose_1658.jpg,1,0,0,0,0,0,1,0,0
synthetic_Gall Midge_Die Back_1129.jpg,0,0,0,1,1,0,0,0,0
synthetic_uploads_Die Back_720.jpg,0,0,0,1,0,0,0,0,1
synthetic_Sooty Mould_Powdery Mildew_125.jpg,0,0,0,0,0,0,1,1,0
synthetic_Anthracnose_Die Back_1597.jpg,1,0,0,1,0,0,0,0,0
synthetic_Gall Midge_Anthracnose_702.jpg,1,0,0,0,1,0,0,0,0
synthetic_Sooty Mould_Cutting Weevil_609.jpg,0,0,1,0,0,0,0,1,0
synthetic_Bacterial Canker_Gall Midge_1361.jpg,0,1,0,0,1,0,0,0,0
synthetic_Cutting Weevil_Sooty Mould_462.jpg,0,0,1,0,0,0,0,1,0
synthetic_Powdery Mildew_Bacterial Canker_1936.jpg,0,1,0,0,0,0,1,0,0
synthetic_Sooty Mould_Anthracnose_354.jpg,1,0,0,0,0,0,0,1,0
synthetic_Gall Midge_uploads_398.jpg,0,0,0,0,1,0,0,0,1
synthetic_Powdery Mildew_Anthracnose_1092.jpg,1,0,0,0,0,0,1,0,0
synthetic_Sooty Mould_uploads_1166.jpg,0,0,0,0,0,0,0,1,1
synthetic_Die Back_uploads_338.jpg,0,0,0,1,0,0,0,0,1
synthetic_Anthracnose_Gall Midge_1830.jpg,1,0,0,0,1,0,0,0,0
synthetic_Cutting Weevil_Healthy_305.jpg,0,0,1,0,0,1,0,0,0
synthetic_Anthracnose_Cutting Weevil_677.jpg,1,0,1,0,0,0,0,0,0
synthetic_Sooty Mould_Gall Midge_1200.jpg,0,0,0,0,1,0,0,1,0
synthetic_Powdery Mildew_Anthracnose_1642.jpg,1,0,0,0,0,0,1,0,0
synthetic_Anthracnose_Sooty Mould_1345.jpg,1,0,0,0,0,0,0,1,0
synthetic_Powdery Mildew_Gall Midge_883.jpg,0,0,0,0,1,0,1,0,0
synthetic_Sooty Mould_Die Back_1499.jpg,0,0,0,1,0,0,0,1,0
synthetic_Sooty Mould_Bacterial Canker_1580.jpg,0,1,0,0,0,0,0,1,0
synthetic_Healthy_Die Back_1451.jpg,0,0,0,1,0,1,0,0,0
synthetic_Gall Midge_uploads_832.jpg,0,0,0,0,1,0,0,0,1
synthetic_Bacterial Canker_Cutting Weevil_1125.jpg,0,1,1,0,0,0,0,0,0
synthetic_Gall Midge_Anthracnose_1728.jpg,1,0,0,0,1,0,0,0,0
synthetic_Cutting Weevil_Bacterial Canker_988.jpg,0,1,1,0,0,0,0,0,0
synthetic_Gall Midge_uploads_1199.jpg,0,0,0,0,1,0,0,0,1
synthetic_Die Back_Anthracnose_1126.jpg,1,0,0,1,0,0,0,0,0
synthetic_Bacterial Canker_Anthracnose_1894.jpg,1,1,0,0,0,0,0,0,0
synthetic_Die Back_Sooty Mould_1230.jpg,0,0,0,1,0,0,0,1,0
synthetic_Cutting Weevil_Gall Midge_426.jpg,0,0,1,0,1,0,0,0,0
synthetic_Gall Midge_uploads_1036.jpg,0,0,0,0,1,0,0,0,1
synthetic_uploads_Bacterial Canker_1983.jpg,0,1,0,0,0,0,0,0,1
synthetic_Sooty Mould_Die Back_957.jpg,0,0,0,1,0,0,0,1,0
synthetic_Gall Midge_Cutting Weevil_181.jpg,0,0,1,0,1,0,0,0,0
synthetic_Die Back_Bacterial Canker_328.jpg,0,1,0,1,0,0,0,0,0
synthetic_Sooty Mould_Gall Midge_198.jpg,0,0,0,0,1,0,0,1,0
synthetic_Powdery Mildew_Healthy_1071.jpg,0,0,0,0,0,1,1,0,0
synthetic_Sooty Mould_Cutting Weevil_437.jpg,0,0,1,0,0,0,0,1,0
synthetic_uploads_Sooty Mould_1075.jpg,0,0,0,0,0,0,0,1,1
synthetic_Powdery Mildew_Die Back_1148.jpg,0,0,0,1,0,0,1,0,0
synthetic_Cutting Weevil_Anthracnose_416.jpg,1,0,1,0,0,0,0,0,0
synthetic_Anthracnose_Die Back_998.jpg,1,0,0,1,0,0,0,0,0
synthetic_Bacterial Canker_Powdery Mildew_1579.jpg,0,1,0,0,0,0,1,0,0
synthetic_uploads_Gall Midge_1878.jpg,0,0,0,0,1,0,0,0,1
synthetic_Die Back_Powdery Mildew_926.jpg,0,0,0,1,0,0,1,0,0
synthetic_Die Back_Anthracnose_678.jpg,1,0,0,1,0,0,0,0,0
synthetic_Anthracnose_Sooty Mould_234.jpg,1,0,0,0,0,0,0,1,0
synthetic_Die Back_Cutting Weevil_1083.jpg,0,0,1,1,0,0,0,0,0
synthetic_Gall Midge_uploads_440.jpg,0,0,0,0,1,0,0,0,1
synthetic_Die Back_Bacterial Canker_1063.jpg,0,1,0,1,0,0,0,0,0
synthetic_Gall Midge_Anthracnose_1982.jpg,1,0,0,0,1,0,0,0,0
synthetic_Bacterial Canker_Sooty Mould_1879.jpg,0,1,0,0,0,0,0,1,0
synthetic_Bacterial Canker_Powdery Mildew_1281.jpg,0,1,0,0,0,0,1,0,0
synthetic_Cutting Weevil_Anthracnose_1040.jpg,1,0,1,0,0,0,0,0,0
synthetic_Die Back_Gall Midge_1902.jpg,0,0,0,1,1,0,0,0,0
synthetic_Die Back_Bacterial Canker_783.jpg,0,1,0,1,0,0,0,0,0
synthetic_uploads_Sooty Mould_333.jpg,0,0,0,0,0,0,0,1,1
synthetic_Cutting Weevil_Healthy_1793.jpg,0,0,1,0,0,1,0,0,0
synthetic_Gall Midge_Bacterial Canker_1518.jpg,0,1,0,0,1,0,0,0,0
synthetic_Gall Midge_Healthy_1299.jpg,0,0,0,0,1,1,0,0,0
synthetic_Sooty Mould_Anthracnose_1583.jpg,1,0,0,0,0,0,0,1,0
synthetic_uploads_Powdery Mildew_1795.jpg,0,0,0,0,0,0,1,0,1
synthetic_Healthy_Bacterial Canker_1517.jpg,0,1,0,0,0,1,0,0,0
synthetic_Cutting Weevil_uploads_264.jpg,0,0,1,0,0,0,0,0,1
synthetic_Powdery Mildew_Sooty Mould_1697.jpg,0,0,0,0,0,0,1,1,0
synthetic_uploads_Gall Midge_307.jpg,0,0,0,0,1,0,0,0,1
synthetic_Bacterial Canker_Gall Midge_1256.jpg,0,1,0,0,1,0,0,0,0
synthetic_uploads_Cutting Weevil_1792.jpg,0,0,1,0,0,0,0,0,1
synthetic_Die Back_Powdery Mildew_1881.jpg,0,0,0,1,0,0,1,0,0
synthetic_uploads_Powdery Mildew_1751.jpg,0,0,0,0,0,0,1,0,1
synthetic_Gall Midge_Healthy_1725.jpg,0,0,0,0,1,1,0,0,0
synthetic_Die Back_Healthy_1249.jpg,0,0,0,1,0,1,0,0,0
synthetic_Powdery Mildew_Cutting Weevil_1143.jpg,0,0,1,0,0,0,1,0,0
synthetic_Sooty Mould_Bacterial Canker_905.jpg,0,1,0,0,0,0,0,1,0
synthetic_Die Back_Bacterial Canker_362.jpg,0,1,0,1,0,0,0,0,0
synthetic_Cutting Weevil_Sooty Mould_664.jpg,0,0,1,0,0,0,0,1,0
synthetic_Cutting Weevil_Die Back_7.jpg,0,0,1,1,0,0,0,0,0
synthetic_Sooty Mould_Bacterial Canker_1632.jpg,0,1,0,0,0,0,0,1,0
synthetic_Healthy_Sooty Mould_797.jpg,0,0,0,0,0,1,0,1,0
synthetic_Cutting Weevil_Anthracnose_575.jpg,1,0,1,0,0,0,0,0,0
synthetic_Healthy_Cutting Weevil_241.jpg,0,0,1,0,0,1,0,0,0
synthetic_Bacterial Canker_Cutting Weevil_521.jpg,0,1,1,0,0,0,0,0,0
synthetic_Healthy_Gall Midge_1608.jpg,0,0,0,0,1,1,0,0,0
synthetic_Die Back_Sooty Mould_97.jpg,0,0,0,1,0,0,0,1,0
synthetic_Healthy_Anthracnose_2.jpg,1,0,0,0,0,1,0,0,0
synthetic_Bacterial Canker_Anthracnose_84.jpg,1,1,0,0,0,0,0,0,0
synthetic_Healthy_Cutting Weevil_1341.jpg,0,0,1,0,0,1,0,0,0
synthetic_Healthy_Gall Midge_1488.jpg,0,0,0,0,1,1,0,0,0
synthetic_Sooty Mould_Bacterial Canker_889.jpg,0,1,0,0,0,0,0,1,0
synthetic_Die Back_Cutting Weevil_1136.jpg,0,0,1,1,0,0,0,0,0
synthetic_Die Back_Sooty Mould_622.jpg,0,0,0,1,0,0,0,1,0
synthetic_Gall Midge_uploads_61.jpg,0,0,0,0,1,0,0,0,1
synthetic_Powdery Mildew_Sooty Mould_1667.jpg,0,0,0,0,0,0,1,1,0
synthetic_Bacterial Canker_Die Back_1405.jpg,0,1,0,1,0,0,0,0,0
synthetic_Cutting Weevil_Sooty Mould_941.jpg,0,0,1,0,0,0,0,1,0
synthetic_Gall Midge_Anthracnose_549.jpg,1,0,0,0,1,0,0,0,0
synthetic_Cutting Weevil_Bacterial Canker_1098.jpg,0,1,1,0,0,0,0,0,0
synthetic_Bacterial Canker_Die Back_446.jpg,0,1,0,1,0,0,0,0,0
synthetic_uploads_Sooty Mould_1371.jpg,0,0,0,0,0,0,0,1,1
synthetic_Bacterial Canker_Gall Midge_628.jpg,0,1,0,0,1,0,0,0,0
synthetic_Gall Midge_Cutting Weevil_953.jpg,0,0,1,0,1,0,0,0,0
synthetic_uploads_Anthracnose_310.jpg,1,0,0,0,0,0,0,0,1
synthetic_Anthracnose_Bacterial Canker_1156.jpg,1,1,0,0,0,0,0,0,0
synthetic_Cutting Weevil_Bacterial Canker_1145.jpg,0,1,1,0,0,0,0,0,0
synthetic_Bacterial Canker_Healthy_1577.jpg,0,1,0,0,0,1,0,0,0
synthetic_Anthracnose_uploads_1724.jpg,1,0,0,0,0,0,0,0,1
synthetic_Die Back_Powdery Mildew_1479.jpg,0,0,0,1,0,0,1,0,0
synthetic_Gall Midge_Cutting Weevil_760.jpg,0,0,1,0,1,0,0,0,0
synthetic_Cutting Weevil_Die Back_1473.jpg,0,0,1,1,0,0,0,0,0
synthetic_Healthy_Cutting Weevil_1234.jpg,0,0,1,0,0,1,0,0,0
synthetic_Powdery Mildew_Cutting Weevil_1812.jpg,0,0,1,0,0,0,1,0,0
synthetic_Healthy_Bacterial Canker_1236.jpg,0,1,0,0,0,1,0,0,0
synthetic_Gall Midge_Bacterial Canker_137.jpg,0,1,0,0,1,0,0,0,0
synthetic_Bacterial Canker_Powdery Mildew_1352.jpg,0,1,0,0,0,0,1,0,0
synthetic_Sooty Mould_uploads_214.jpg,0,0,0,0,0,0,0,1,1
synthetic_Powdery Mildew_Anthracnose_1694.jpg,1,0,0,0,0,0,1,0,0
synthetic_Anthracnose_uploads_404.jpg,1,0,0,0,0,0,0,0,1
synthetic_Gall Midge_Healthy_1546.jpg,0,0,0,0,1,1,0,0,0
synthetic_Gall Midge_uploads_701.jpg,0,0,0,0,1,0,0,0,1
synthetic_Bacterial Canker_Sooty Mould_1572.jpg,0,1,0,0,0,0,0,1,0
synthetic_Die Back_Powdery Mildew_1232.jpg,0,0,0,1,0,0,1,0,0
synthetic_Healthy_Sooty Mould_1053.jpg,0,0,0,0,0,1,0,1,0
synthetic_Powdery Mildew_Cutting Weevil_1458.jpg,0,0,1,0,0,0,1,0,0
synthetic_uploads_Bacterial Canker_1682.jpg,0,1,0,0,0,0,0,0,1
synthetic_uploads_Gall Midge_565.jpg,0,0,0,0,1,0,0,0,1
synthetic_Die Back_Bacterial Canker_1753.jpg,0,1,0,1,0,0,0,0,0
synthetic_Die Back_Anthracnose_1933.jpg,1,0,0,1,0,0,0,0,0
synthetic_Bacterial Canker_Cutting Weevil_1965.jpg,0,1,1,0,0,0,0,0,0
synthetic_Powdery Mildew_Gall Midge_730.jpg,0,0,0,0,1,0,1,0,0
synthetic_Anthracnose_Sooty Mould_1400.jpg,1,0,0,0,0,0,0,1,0
synthetic_Powdery Mildew_Anthracnose_166.jpg,1,0,0,0,0,0,1,0,0
synthetic_uploads_Anthracnose_1709.jpg,1,0,0,0,0,0,0,0,1
synthetic_Cutting Weevil_Sooty Mould_818.jpg,0,0,1,0,0,0,0,1,0
synthetic_Cutting Weevil_Sooty Mould_1074.jpg,0,0,1,0,0,0,0,1,0
synthetic_uploads_Bacterial Canker_639.jpg,0,1,0,0,0,0,0,0,1
synthetic_uploads_Die Back_648.jpg,0,0,0,1,0,0,0,0,1
synthetic_Sooty Mould_Powdery Mildew_646.jpg,0,0,0,0,0,0,1,1,0
synthetic_Anthracnose_Gall Midge_146.jpg,1,0,0,0,1,0,0,0,0
synthetic_Die Back_Sooty Mould_933.jpg,0,0,0,1,0,0,0,1,0
synthetic_Healthy_Powdery Mildew_202.jpg,0,0,0,0,0,1,1,0,0
synthetic_uploads_Cutting Weevil_1429.jpg,0,0,1,0,0,0,0,0,1
synthetic_Gall Midge_Healthy_1120.jpg,0,0,0,0,1,1,0,0,0
synthetic_Bacterial Canker_Die Back_1480.jpg,0,1,0,1,0,0,0,0,0
synthetic_Cutting Weevil_Anthracnose_598.jpg,1,0,1,0,0,0,0,0,0
synthetic_Cutting Weevil_uploads_1970.jpg,0,0,1,0,0,0,0,0,1
synthetic_Powdery Mildew_Gall Midge_420.jpg,0,0,0,0,1,0,1,0,0
synthetic_Bacterial Canker_Cutting Weevil_1377.jpg,0,1,1,0,0,0,0,0,0
synthetic_Healthy_Anthracnose_1957.jpg,1,0,0,0,0,1,0,0,0
synthetic_Healthy_Die Back_144.jpg,0,0,0,1,0,1,0,0,0
synthetic_Gall Midge_Die Back_1509.jpg,0,0,0,1,1,0,0,0,0
synthetic_Die Back_Anthracnose_220.jpg,1,0,0,1,0,0,0,0,0
synthetic_Die Back_Anthracnose_1454.jpg,1,0,0,1,0,0,0,0,0
synthetic_Gall Midge_Anthracnose_665.jpg,1,0,0,0,1,0,0,0,0
synthetic_Powdery Mildew_Sooty Mould_540.jpg,0,0,0,0,0,0,1,1,0
synthetic_Cutting Weevil_Sooty Mould_1578.jpg,0,0,1,0,0,0,0,1,0
synthetic_Bacterial Canker_Powdery Mildew_802.jpg,0,1,0,0,0,0,1,0,0
synthetic_Cutting Weevil_uploads_1031.jpg,0,0,1,0,0,0,0,0,1
synthetic_Healthy_Powdery Mildew_542.jpg,0,0,0,0,0,1,1,0,0
synthetic_Powdery Mildew_Cutting Weevil_492.jpg,0,0,1,0,0,0,1,0,0
synthetic_Healthy_Anthracnose_1463.jpg,1,0,0,0,0,1,0,0,0
synthetic_Cutting Weevil_Bacterial Canker_1165.jpg,0,1,1,0,0,0,0,0,0
synthetic_Healthy_Gall Midge_1091.jpg,0,0,0,0,1,1,0,0,0
synthetic_uploads_Die Back_1284.jpg,0,0,0,1,0,0,0,0,1
synthetic_Bacterial Canker_Die Back_687.jpg,0,1,0,1,0,0,0,0,0
synthetic_Anthracnose_Healthy_51.jpg,1,0,0,0,0,1,0,0,0
synthetic_Powdery Mildew_Gall Midge_1425.jpg,0,0,0,0,1,0,1,0,0
synthetic_Bacterial Canker_Sooty Mould_1924.jpg,0,1,0,0,0,0,0,1,0
synthetic_Gall Midge_Healthy_42.jpg,0,0,0,0,1,1,0,0,0
synthetic_Healthy_Sooty Mould_774.jpg,0,0,0,0,0,1,0,1,0
synthetic_Gall Midge_uploads_519.jpg,0,0,0,0,1,0,0,0,1
synthetic_Sooty Mould_Powdery Mildew_579.jpg,0,0,0,0,0,0,1,1,0
synthetic_Die Back_Gall Midge_1041.jpg,0,0,0,1,1,0,0,0,0
synthetic_Cutting Weevil_Healthy_1560.jpg,0,0,1,0,0,1,0,0,0
synthetic_uploads_Die Back_734.jpg,0,0,0,1,0,0,0,0,1
synthetic_Cutting Weevil_uploads_870.jpg,0,0,1,0,0,0,0,0,1
synthetic_Healthy_Anthracnose_110.jpg,1,0,0,0,0,1,0,0,0
synthetic_Anthracnose_Die Back_1201.jpg,1,0,0,1,0,0,0,0,0
synthetic_Gall Midge_Powdery Mildew_637.jpg,0,0,0,0,1,0,1,0,0
synthetic_uploads_Bacterial Canker_130.jpg,0,1,0,0,0,0,0,0,1
synthetic_Healthy_Bacterial Canker_936.jpg,0,1,0,0,0,1,0,0,0
synthetic_Anthracnose_Gall Midge_288.jpg,1,0,0,0,1,0,0,0,0
synthetic_Gall Midge_Healthy_1717.jpg,0,0,0,0,1,1,0,0,0
synthetic_Bacterial Canker_Gall Midge_1254.jpg,0,1,0,0,1,0,0,0,0
synthetic_Die Back_Cutting Weevil_1930.jpg,0,0,1,1,0,0,0,0,0
synthetic_Anthracnose_Sooty Mould_1789.jpg,1,0,0,0,0,0,0,1,0
synthetic_Powdery Mildew_Die Back_1216.jpg,0,0,0,1,0,0,1,0,0
synthetic_Powdery Mildew_Cutting Weevil_31.jpg,0,0,1,0,0,0,1,0,0
synthetic_Powdery Mildew_Sooty Mould_153.jpg,0,0,0,0,0,0,1,1,0
synthetic_Anthracnose_uploads_1747.jpg,1,0,0,0,0,0,0,0,1
synthetic_uploads_Sooty Mould_1559.jpg,0,0,0,0,0,0,0,1,1
synthetic_Healthy_uploads_934.jpg,0,0,0,0,0,1,0,0,1
synthetic_Sooty Mould_Anthracnose_1090.jpg,1,0,0,0,0,0,0,1,0
synthetic_Cutting Weevil_Die Back_1533.jpg,0,0,1,1,0,0,0,0,0
synthetic_Healthy_Sooty Mould_943.jpg,0,0,0,0,0,1,0,1,0
synthetic_Anthracnose_Healthy_86.jpg,1,0,0,0,0,1,0,0,0
synthetic_Gall Midge_Sooty Mould_602.jpg,0,0,0,0,1,0,0,1,0
synthetic_Cutting Weevil_Anthracnose_1530.jpg,1,0,1,0,0,0,0,0,0
synthetic_Bacterial Canker_Cutting Weevil_1450.jpg,0,1,1,0,0,0,0,0,0
synthetic_Healthy_Powdery Mildew_1323.jpg,0,0,0,0,0,1,1,0,0
synthetic_Powdery Mildew_Sooty Mould_143.jpg,0,0,0,0,0,0,1,1,0
synthetic_Anthracnose_uploads_1247.jpg,1,0,0,0,0,0,0,0,1
synthetic_uploads_Bacterial Canker_1810.jpg,0,1,0,0,0,0,0,0,1
synthetic_Gall Midge_Powdery Mildew_1195.jpg,0,0,0,0,1,0,1,0,0
synthetic_Die Back_Bacterial Canker_1796.jpg,0,1,0,1,0,0,0,0,0
synthetic_Die Back_Gall Midge_439.jpg,0,0,0,1,1,0,0,0,0
synthetic_Anthracnose_Cutting Weevil_1742.jpg,1,0,1,0,0,0,0,0,0
synthetic_Die Back_Cutting Weevil_1719.jpg,0,0,1,1,0,0,0,0,0
synthetic_Gall Midge_uploads_196.jpg,0,0,0,0,1,0,0,0,1
synthetic_Gall Midge_Cutting Weevil_1521.jpg,0,0,1,0,1,0,0,0,0
synthetic_Healthy_Die Back_1975.jpg,0,0,0,1,0,1,0,0,0
synthetic_Bacterial Canker_Cutting Weevil_1908.jpg,0,1,1,0,0,0,0,0,0
synthetic_Healthy_Die Back_891.jpg,0,0,0,1,0,1,0,0,0
synthetic_Gall Midge_Die Back_499.jpg,0,0,0,1,1,0,0,0,0
synthetic_uploads_Anthracnose_1507.jpg,1,0,0,0,0,0,0,0,1
synthetic_Gall Midge_uploads_793.jpg,0,0,0,0,1,0,0,0,1
synthetic_Gall Midge_Anthracnose_662.jpg,1,0,0,0,1,0,0,0,0
synthetic_Cutting Weevil_Gall Midge_765.jpg,0,0,1,0,1,0,0,0,0
synthetic_Powdery Mildew_Anthracnose_659.jpg,1,0,0,0,0,0,1,0,0
synthetic_Gall Midge_Die Back_1289.jpg,0,0,0,1,1,0,0,0,0
synthetic_Bacterial Canker_uploads_1082.jpg,0,1,0,0,0,0,0,0,1
synthetic_Bacterial Canker_Die Back_1571.jpg,0,1,0,1,0,0,0,0,0
synthetic_Gall Midge_Sooty Mould_1660.jpg,0,0,0,0,1,0,0,1,0
synthetic_Sooty Mould_Gall Midge_188.jpg,0,0,0,0,1,0,0,1,0
synthetic_uploads_Bacterial Canker_1874.jpg,0,1,0,0,0,0,0,0,1
synthetic_Die Back_Sooty Mould_1269.jpg,0,0,0,1,0,0,0,1,0
synthetic_Sooty Mould_Healthy_432.jpg,0,0,0,0,0,1,0,1,0
synthetic_Cutting Weevil_Gall Midge_1871.jpg,0,0,1,0,1,0,0,0,0
synthetic_Healthy_Sooty Mould_1248.jpg,0,0,0,0,0,1,0,1,0
synthetic_Cutting Weevil_Powdery Mildew_1738.jpg,0,0,1,0,0,0,1,0,0
synthetic_Cutting Weevil_Sooty Mould_1061.jpg,0,0,1,0,0,0,0,1,0
synthetic_Healthy_Anthracnose_735.jpg,1,0,0,0,0,1,0,0,0
synthetic_Powdery Mildew_uploads_775.jpg,0,0,0,0,0,0,1,0,1
synthetic_Healthy_uploads_1179.jpg,0,0,0,0,0,1,0,0,1
synthetic_Gall Midge_Cutting Weevil_36.jpg,0,0,1,0,1,0,0,0,0
synthetic_Healthy_Sooty Mould_1739.jpg,0,0,0,0,0,1,0,1,0
synthetic_Healthy_Gall Midge_771.jpg,0,0,0,0,1,1,0,0,0
synthetic_Anthracnose_Sooty Mould_1825.jpg,1,0,0,0,0,0,0,1,0
synthetic_Bacterial Canker_Anthracnose_466.jpg,1,1,0,0,0,0,0,0,0
synthetic_uploads_Gall Midge_1860.jpg,0,0,0,0,1,0,0,0,1
synthetic_Gall Midge_Die Back_834.jpg,0,0,0,1,1,0,0,0,0
synthetic_Gall Midge_Anthracnose_709.jpg,1,0,0,0,1,0,0,0,0
synthetic_Gall Midge_Sooty Mould_1613.jpg,0,0,0,0,1,0,0,1,0
synthetic_Sooty Mould_Cutting Weevil_1785.jpg,0,0,1,0,0,0,0,1,0
synthetic_Powdery Mildew_uploads_921.jpg,0,0,0,0,0,0,1,0,1
synthetic_Gall Midge_Powdery Mildew_1816.jpg,0,0,0,0,1,0,1,0,0
synthetic_Bacterial Canker_Die Back_52.jpg,0,1,0,1,0,0,0,0,0
synthetic_Bacterial Canker_uploads_1211.jpg,0,1,0,0,0,0,0,0,1
synthetic_uploads_Sooty Mould_1866.jpg,0,0,0,0,0,0,0,1,1
synthetic_Anthracnose_Die Back_1310.jpg,1,0,0,1,0,0,0,0,0
synthetic_uploads_Sooty Mould_1671.jpg,0,0,0,0,0,0,0,1,1
synthetic_Bacterial Canker_Powdery Mildew_1861.jpg,0,1,0,0,0,0,1,0,0
synthetic_Die Back_Healthy_1050.jpg,0,0,0,1,0,1,0,0,0
synthetic_Gall Midge_Powdery Mildew_1969.jpg,0,0,0,0,1,0,1,0,0
synthetic_Sooty Mould_Die Back_529.jpg,0,0,0,1,0,0,0,1,0
synthetic_Bacterial Canker_Die Back_1732.jpg,0,1,0,1,0,0,0,0,0
synthetic_Gall Midge_uploads_1973.jpg,0,0,0,0,1,0,0,0,1
synthetic_Gall Midge_Cutting Weevil_732.jpg,0,0,1,0,1,0,0,0,0
synthetic_Die Back_Gall Midge_1635.jpg,0,0,0,1,1,0,0,0,0
synthetic_Healthy_Die Back_211.jpg,0,0,0,1,0,1,0,0,0
synthetic_Gall Midge_Anthracnose_361.jpg,1,0,0,0,1,0,0,0,0
synthetic_Gall Midge_Bacterial Canker_41.jpg,0,1,0,0,1,0,0,0,0
synthetic_Anthracnose_Healthy_1500.jpg,1,0,0,0,0,1,0,0,0
synthetic_Bacterial Canker_Powdery Mildew_200.jpg,0,1,0,0,0,0,1,0,0
synthetic_Sooty Mould_uploads_886.jpg,0,0,0,0,0,0,0,1,1
synthetic_Bacterial Canker_Anthracnose_1596.jpg,1,1,0,0,0,0,0,0,0
synthetic_Healthy_uploads_1602.jpg,0,0,0,0,0,1,0,0,1
synthetic_Healthy_Anthracnose_801.jpg,1,0,0,0,0,1,0,0,0
synthetic_Anthracnose_Healthy_1097.jpg,1,0,0,0,0,1,0,0,0
synthetic_Healthy_Gall Midge_1522.jpg,0,0,0,0,1,1,0,0,0
synthetic_Powdery Mildew_Gall Midge_1662.jpg,0,0,0,0,1,0,1,0,0
synthetic_Die Back_Gall Midge_64.jpg,0,0,0,1,1,0,0,0,0
synthetic_uploads_Sooty Mould_1851.jpg,0,0,0,0,0,0,0,1,1
synthetic_Powdery Mildew_Gall Midge_821.jpg,0,0,0,0,1,0,1,0,0
synthetic_Sooty Mould_Powdery Mildew_72.jpg,0,0,0,0,0,0,1,1,0
synthetic_Healthy_Powdery Mildew_996.jpg,0,0,0,0,0,1,1,0,0
synthetic_Bacterial Canker_Gall Midge_1606.jpg,0,1,0,0,1,0,0,0,0
synthetic_Bacterial Canker_Powdery Mildew_396.jpg,0,1,0,0,0,0,1,0,0
synthetic_Anthracnose_Gall Midge_1351.jpg,1,0,0,0,1,0,0,0,0
synthetic_Healthy_uploads_161.jpg,0,0,0,0,0,1,0,0,1
synthetic_Die Back_Powdery Mildew_1279.jpg,0,0,0,1,0,0,1,0,0
synthetic_Anthracnose_Gall Midge_813.jpg,1,0,0,0,1,0,0,0,0
synthetic_Sooty Mould_Healthy_645.jpg,0,0,0,0,0,1,0,1,0
synthetic_Healthy_Cutting Weevil_6.jpg,0,0,1,0,0,1,0,0,0
synthetic_Healthy_Gall Midge_667.jpg,0,0,0,0,1,1,0,0,0
synthetic_Bacterial Canker_Anthracnose_327.jpg,1,1,0,0,0,0,0,0,0
synthetic_Healthy_Cutting Weevil_25.jpg,0,0,1,0,0,1,0,0,0
synthetic_Die Back_Anthracnose_341.jpg,1,0,0,1,0,0,0,0,0
synthetic_Gall Midge_Die Back_1356.jpg,0,0,0,1,1,0,0,0,0
synthetic_Sooty Mould_Bacterial Canker_375.jpg,0,1,0,0,0,0,0,1,0
synthetic_Gall Midge_Bacterial Canker_392.jpg,0,1,0,0,1,0,0,0,0
synthetic_Cutting Weevil_Die Back_577.jpg,0,0,1,1,0,0,0,0,0
synthetic_Cutting Weevil_uploads_1039.jpg,0,0,1,0,0,0,0,0,1
synthetic_Die Back_uploads_776.jpg,0,0,0,1,0,0,0,0,1
synthetic_Bacterial Canker_Gall Midge_757.jpg,0,1,0,0,1,0,0,0,0
synthetic_Sooty Mould_Cutting Weevil_1430.jpg,0,0,1,0,0,0,0,1,0
synthetic_Anthracnose_Bacterial Canker_1675.jpg,1,1,0,0,0,0,0,0,0
synthetic_Anthracnose_Gall Midge_1255.jpg,1,0,0,0,1,0,0,0,0
synthetic_Die Back_Anthracnose_1128.jpg,1,0,0,1,0,0,0,0,0
synthetic_Bacterial Canker_Die Back_1863.jpg,0,1,0,1,0,0,0,0,0
synthetic_Die Back_Powdery Mildew_784.jpg,0,0,0,1,0,0,1,0,0
synthetic_Gall Midge_Die Back_405.jpg,0,0,0,1,1,0,0,0,0
synthetic_Die Back_Cutting Weevil_1985.jpg,0,0,1,1,0,0,0,0,0
synthetic_Die Back_Healthy_968.jpg,0,0,0,1,0,1,0,0,0
synthetic_Anthracnose_Bacterial Canker_1688.jpg,1,1,0,0,0,0,0,0,0
synthetic_Bacterial Canker_Die Back_55.jpg,0,1,0,1,0,0,0,0,0
synthetic_Sooty Mould_Anthracnose_895.jpg,1,0,0,0,0,0,0,1,0
synthetic_Anthracnose_Bacterial Canker_1847.jpg,1,1,0,0,0,0,0,0,0
synthetic_Sooty Mould_Healthy_1831.jpg,0,0,0,0,0,1,0,1,0
synthetic_uploads_Die Back_484.jpg,0,0,0,1,0,0,0,0,1
synthetic_Bacterial Canker_Powdery Mildew_421.jpg,0,1,0,0,0,0,1,0,0
synthetic_Gall Midge_Cutting Weevil_1443.jpg,0,0,1,0,1,0,0,0,0
synthetic_Cutting Weevil_Gall Midge_530.jpg,0,0,1,0,1,0,0,0,0
synthetic_Gall Midge_uploads_170.jpg,0,0,0,0,1,0,0,0,1
synthetic_Die Back_Powdery Mildew_34.jpg,0,0,0,1,0,0,1,0,0
synthetic_Anthracnose_Sooty Mould_1934.jpg,1,0,0,0,0,0,0,1,0
synthetic_Anthracnose_Gall Midge_148.jpg,1,0,0,0,1,0,0,0,0
synthetic_Powdery Mildew_Sooty Mould_1506.jpg,0,0,0,0,0,0,1,1,0
synthetic_Healthy_Cutting Weevil_145.jpg,0,0,1,0,0,1,0,0,0
synthetic_Healthy_uploads_733.jpg,0,0,0,0,0,1,0,0,1
synthetic_Sooty Mould_Cutting Weevil_1449.jpg,0,0,1,0,0,0,0,1,0
synthetic_Bacterial Canker_uploads_1904.jpg,0,1,0,0,0,0,0,0,1
synthetic_Die Back_Cutting Weevil_1228.jpg,0,0,1,1,0,0,0,0,0
synthetic_Die Back_Sooty Mould_1423.jpg,0,0,0,1,0,0,0,1,0
synthetic_Healthy_Anthracnose_654.jpg,1,0,0,0,0,1,0,0,0
synthetic_Healthy_Anthracnose_487.jpg,1,0,0,0,0,1,0,0,0
synthetic_uploads_Powdery Mildew_807.jpg,0,0,0,0,0,0,1,0,1
synthetic_Healthy_Sooty Mould_210.jpg,0,0,0,0,0,1,0,1,0
synthetic_Die Back_Bacterial Canker_230.jpg,0,1,0,1,0,0,0,0,0
synthetic_uploads_Gall Midge_586.jpg,0,0,0,0,1,0,0,0,1
synthetic_Cutting Weevil_Sooty Mould_1225.jpg,0,0,1,0,0,0,0,1,0
synthetic_Anthracnose_uploads_1750.jpg,1,0,0,0,0,0,0,0,1
synthetic_uploads_Sooty Mould_877.jpg,0,0,0,0,0,0,0,1,1
synthetic_Bacterial Canker_Die Back_1381.jpg,0,1,0,1,0,0,0,0,0
synthetic_Powdery Mildew_Healthy_1614.jpg,0,0,0,0,0,1,1,0,0
synthetic_Die Back_Sooty Mould_787.jpg,0,0,0,1,0,0,0,1,0
synthetic_Sooty Mould_Gall Midge_885.jpg,0,0,0,0,1,0,0,1,0
synthetic_Sooty Mould_Cutting Weevil_1582.jpg,0,0,1,0,0,0,0,1,0
synthetic_Cutting Weevil_Powdery Mildew_970.jpg,0,0,1,0,0,0,1,0,0
synthetic_Gall Midge_Powdery Mildew_1389.jpg,0,0,0,0,1,0,1,0,0
synthetic_Sooty Mould_Die Back_1086.jpg,0,0,0,1,0,0,0,1,0
synthetic_uploads_Powdery Mildew_1817.jpg,0,0,0,0,0,0,1,0,1
synthetic_Healthy_uploads_884.jpg,0,0,0,0,0,1,0,0,1
synthetic_Cutting Weevil_Die Back_1743.jpg,0,0,1,1,0,0,0,0,0
synthetic_Anthracnose_Healthy_1492.jpg,1,0,0,0,0,1,0,0,0
synthetic_Die Back_Gall Midge_829.jpg,0,0,0,1,1,0,0,0,0
synthetic_uploads_Gall Midge_219.jpg,0,0,0,0,1,0,0,0,1
synthetic_Gall Midge_Anthracnose_160.jpg,1,0,0,0,1,0,0,0,0
synthetic_Anthracnose_Cutting Weevil_1045.jpg,1,0,1,0,0,0,0,0,0
synthetic_Gall Midge_Cutting Weevil_167.jpg,0,0,1,0,1,0,0,0,0
synthetic_Sooty Mould_Powdery Mildew_1945.jpg,0,0,0,0,0,0,1,1,0
synthetic_Cutting Weevil_Sooty Mould_1416.jpg,0,0,1,0,0,0,0,1,0
synthetic_Sooty Mould_Gall Midge_693.jpg,0,0,0,0,1,0,0,1,0
synthetic_Sooty Mould_Healthy_1624.jpg,0,0,0,0,0,1,0,1,0
synthetic_Sooty Mould_Powdery Mildew_326.jpg,0,0,0,0,0,0,1,1,0
synthetic_Die Back_Cutting Weevil_1348.jpg,0,0,1,1,0,0,0,0,0
synthetic_Die Back_Bacterial Canker_1264.jpg,0,1,0,1,0,0,0,0,0
synthetic_Cutting Weevil_Die Back_353.jpg,0,0,1,1,0,0,0,0,0
synthetic_Gall Midge_uploads_980.jpg,0,0,0,0,1,0,0,0,1
synthetic_Bacterial Canker_Sooty Mould_592.jpg,0,1,0,0,0,0,0,1,0
synthetic_Healthy_Die Back_1309.jpg,0,0,0,1,0,1,0,0,0
synthetic_Cutting Weevil_Sooty Mould_1832.jpg,0,0,1,0,0,0,0,1,0
synthetic_Die Back_Powdery Mildew_1539.jpg,0,0,0,1,0,0,1,0,0
synthetic_Anthracnose_Gall Midge_78.jpg,1,0,0,0,1,0,0,0,0
synthetic_Anthracnose_Gall Midge_1360.jpg,1,0,0,0,1,0,0,0,0
synthetic_Sooty Mould_uploads_1653.jpg,0,0,0,0,0,0,0,1,1
synthetic_Powdery Mildew_uploads_389.jpg,0,0,0,0,0,0,1,0,1
synthetic_Die Back_Healthy_975.jpg,0,0,0,1,0,1,0,0,0
synthetic_Healthy_Gall Midge_1076.jpg,0,0,0,0,1,1,0,0,0
synthetic_Gall Midge_Sooty Mould_643.jpg,0,0,0,0,1,0,0,1,0
synthetic_Sooty Mould_Bacterial Canker_770.jpg,0,1,0,0,0,0,0,1,0
synthetic_Die Back_Cutting Weevil_840.jpg,0,0,1,1,0,0,0,0,0
synthetic_uploads_Anthracnose_621.jpg,1,0,0,0,0,0,0,0,1
synthetic_Die Back_Anthracnose_1363.jpg,1,0,0,1,0,0,0,0,0
synthetic_Cutting Weevil_Anthracnose_89.jpg,1,0,1,0,0,0,0,0,0
synthetic_Gall Midge_Sooty Mould_1138.jpg,0,0,0,0,1,0,0,1,0
synthetic_Powdery Mildew_Gall Midge_1721.jpg,0,0,0,0,1,0,1,0,0
synthetic_Healthy_Sooty Mould_1227.jpg,0,0,0,0,0,1,0,1,0
synthetic_Healthy_Gall Midge_205.jpg,0,0,0,0,1,1,0,0,0
synthetic_Powdery Mildew_uploads_862.jpg,0,0,0,0,0,0,1,0,1
synthetic_Healthy_Cutting Weevil_1544.jpg,0,0,1,0,0,1,0,0,0
synthetic_Cutting Weevil_Healthy_1021.jpg,0,0,1,0,0,1,0,0,0
synthetic_Sooty Mould_Die Back_681.jpg,0,0,0,1,0,0,0,1,0
synthetic_uploads_Healthy_20.jpg,0,0,0,0,0,1,0,0,1
synthetic_Cutting Weevil_Gall Midge_721.jpg,0,0,1,0,1,0,0,0,0
synthetic_Gall Midge_Anthracnose_458.jpg,1,0,0,0,1,0,0,0,0
synthetic_Cutting Weevil_Gall Midge_168.jpg,0,0,1,0,1,0,0,0,0
synthetic_Healthy_Bacterial Canker_1242.jpg,0,1,0,0,0,1,0,0,0
synthetic_Healthy_Bacterial Canker_827.jpg,0,1,0,0,0,1,0,0,0
synthetic_Powdery Mildew_Cutting Weevil_1841.jpg,0,0,1,0,0,0,1,0,0
synthetic_Die Back_Gall Midge_1504.jpg,0,0,0,1,1,0,0,0,0
synthetic_Die Back_Powdery Mildew_647.jpg,0,0,0,1,0,0,1,0,0
synthetic_Sooty Mould_Die Back_1925.jpg,0,0,0,1,0,0,0,1,0
synthetic_Gall Midge_uploads_624.jpg,0,0,0,0,1,0,0,0,1
synthetic_Healthy_Powdery Mildew_111.jpg,0,0,0,0,0,1,1,0,0
synthetic_Gall Midge_Cutting Weevil_1439.jpg,0,0,1,0,1,0,0,0,0
synthetic_Cutting Weevil_Anthracnose_1441.jpg,1,0,1,0,0,0,0,0,0
synthetic_Healthy_uploads_969.jpg,0,0,0,0,0,1,0,0,1
synthetic_Cutting Weevil_Healthy_820.jpg,0,0,1,0,0,1,0,0,0
synthetic_Anthracnose_Cutting Weevil_1609.jpg,1,0,1,0,0,0,0,0,0
synthetic_Gall Midge_uploads_1262.jpg,0,0,0,0,1,0,0,0,1
synthetic_Gall Midge_uploads_1182.jpg,0,0,0,0,1,0,0,0,1
synthetic_Cutting Weevil_Gall Midge_154.jpg,0,0,1,0,1,0,0,0,0
synthetic_Powdery Mildew_Cutting Weevil_372.jpg,0,0,1,0,0,0,1,0,0
synthetic_Powdery Mildew_Cutting Weevil_1295.jpg,0,0,1,0,0,0,1,0,0
synthetic_Cutting Weevil_Sooty Mould_481.jpg,0,0,1,0,0,0,0,1,0
synthetic_Powdery Mildew_Gall Midge_978.jpg,0,0,0,0,1,0,1,0,0
synthetic_Healthy_Sooty Mould_997.jpg,0,0,0,0,0,1,0,1,0
synthetic_Powdery Mildew_Die Back_423.jpg,0,0,0,1,0,0,1,0,0
synthetic_Anthracnose_Die Back_30.jpg,1,0,0,1,0,0,0,0,0
synthetic_uploads_Gall Midge_1617.jpg,0,0,0,0,1,0,0,0,1
synthetic_Powdery Mildew_uploads_610.jpg,0,0,0,0,0,0,1,0,1
synthetic_Healthy_Gall Midge_1556.jpg,0,0,0,0,1,1,0,0,0
synthetic_Powdery Mildew_uploads_578.jpg,0,0,0,0,0,0,1,0,1
synthetic_Anthracnose_Gall Midge_381.jpg,1,0,0,0,1,0,0,0,0
synthetic_Powdery Mildew_Gall Midge_1153.jpg,0,0,0,0,1,0,1,0,0
synthetic_Die Back_Bacterial Canker_1038.jpg,0,1,0,1,0,0,0,0,0
synthetic_Bacterial Canker_Sooty Mould_1206.jpg,0,1,0,0,0,0,0,1,0
synthetic_Sooty Mould_uploads_1598.jpg,0,0,0,0,0,0,0,1,1
synthetic_Sooty Mould_Cutting Weevil_108.jpg,0,0,1,0,0,0,0,1,0
synthetic_uploads_Gall Midge_1287.jpg,0,0,0,0,1,0,0,0,1
synthetic_Healthy_Gall Midge_309.jpg,0,0,0,0,1,1,0,0,0
synthetic_Cutting Weevil_Anthracnose_1888.jpg,1,0,1,0,0,0,0,0,0
synthetic_Die Back_Healthy_156.jpg,0,0,0,1,0,1,0,0,0
synthetic_Anthracnose_Gall Midge_641.jpg,1,0,0,0,1,0,0,0,0
synthetic_Anthracnose_uploads_1290.jpg,1,0,0,0,0,0,0,0,1
synthetic_Sooty Mould_uploads_764.jpg,0,0,0,0,0,0,0,1,1
synthetic_Powdery Mildew_Gall Midge_627.jpg,0,0,0,0,1,0,1,0,0
synthetic_Sooty Mould_Anthracnose_1790.jpg,1,0,0,0,0,0,0,1,0
synthetic_Bacterial Canker_Anthracnose_581.jpg,1,1,0,0,0,0,0,0,0
synthetic_Die Back_Bacterial Canker_179.jpg,0,1,0,1,0,0,0,0,0
synthetic_Sooty Mould_Powdery Mildew_32.jpg,0,0,0,0,0,0,1,1,0
synthetic_Anthracnose_Healthy_1464.jpg,1,0,0,0,0,1,0,0,0
synthetic_uploads_Anthracnose_981.jpg,1,0,0,0,0,0,0,0,1
synthetic_Healthy_Anthracnose_1951.jpg,1,0,0,0,0,1,0,0,0
synthetic_Bacterial Canker_Cutting Weevil_157.jpg,0,1,1,0,0,0,0,0,0
synthetic_Sooty Mould_Powdery Mildew_1592.jpg,0,0,0,0,0,0,1,1,0
synthetic_Gall Midge_Die Back_507.jpg,0,0,0,1,1,0,0,0,0
synthetic_Die Back_Powdery Mildew_296.jpg,0,0,0,1,0,0,1,0,0
synthetic_uploads_Gall Midge_553.jpg,0,0,0,0,1,0,0,0,1
synthetic_Bacterial Canker_Gall Midge_1270.jpg,0,1,0,0,1,0,0,0,0
synthetic_Gall Midge_Healthy_455.jpg,0,0,0,0,1,1,0,0,0
synthetic_Anthracnose_Sooty Mould_300.jpg,1,0,0,0,0,0,0,1,0
synthetic_uploads_Anthracnose_1806.jpg,1,0,0,0,0,0,0,0,1
synthetic_Healthy_Sooty Mould_280.jpg,0,0,0,0,0,1,0,1,0
synthetic_Bacterial Canker_Anthracnose_1151.jpg,1,1,0,0,0,0,0,0,0
synthetic_Gall Midge_Healthy_1701.jpg,0,0,0,0,1,1,0,0,0
synthetic_Healthy_Gall Midge_1829.jpg,0,0,0,0,1,1,0,0,0
synthetic_Sooty Mould_Healthy_755.jpg,0,0,0,0,0,1,0,1,0
synthetic_Die Back_Powdery Mildew_1770.jpg,0,0,0,1,0,0,1,0,0
synthetic_Healthy_Cutting Weevil_183.jpg,0,0,1,0,0,1,0,0,0
synthetic_uploads_Powdery Mildew_254.jpg,0,0,0,0,0,0,1,0,1
synthetic_Anthracnose_Healthy_1896.jpg,1,0,0,0,0,1,0,0,0
synthetic_uploads_Bacterial Canker_706.jpg,0,1,0,0,0,0,0,0,1
synthetic_Gall Midge_Sooty Mould_1705.jpg,0,0,0,0,1,0,0,1,0
synthetic_Bacterial Canker_Healthy_561.jpg,0,1,0,0,0,1,0,0,0
synthetic_Sooty Mould_Die Back_428.jpg,0,0,0,1,0,0,0,1,0
synthetic_Anthracnose_Powdery Mildew_412.jpg,1,0,0,0,0,0,1,0,0
synthetic_Cutting Weevil_Gall Midge_1066.jpg,0,0,1,0,1,0,0,0,0
synthetic_Cutting Weevil_Gall Midge_46.jpg,0,0,1,0,1,0,0,0,0
synthetic_uploads_Healthy_725.jpg,0,0,0,0,0,1,0,0,1
synthetic_uploads_Powdery Mildew_865.jpg,0,0,0,0,0,0,1,0,1
synthetic_Gall Midge_Healthy_825.jpg,0,0,0,0,1,1,0,0,0
synthetic_Cutting Weevil_uploads_1590.jpg,0,0,1,0,0,0,0,0,1
synthetic_uploads_Powdery Mildew_1088.jpg,0,0,0,0,0,0,1,0,1
synthetic_Sooty Mould_Die Back_1756.jpg,0,0,0,1,0,0,0,1,0
synthetic_uploads_Powdery Mildew_823.jpg,0,0,0,0,0,0,1,0,1
synthetic_Healthy_Bacterial Canker_242.jpg,0,1,0,0,0,1,0,0,0
synthetic_Anthracnose_Healthy_856.jpg,1,0,0,0,0,1,0,0,0
synthetic_Anthracnose_Sooty Mould_442.jpg,1,0,0,0,0,0,0,1,0
synthetic_uploads_Gall Midge_1346.jpg,0,0,0,0,1,0,0,0,1
synthetic_Healthy_Anthracnose_1634.jpg,1,0,0,0,0,1,0,0,0
synthetic_Cutting Weevil_Bacterial Canker_1668.jpg,0,1,1,0,0,0,0,0,0
synthetic_Cutting Weevil_Anthracnose_699.jpg,1,0,1,0,0,0,0,0,0
synthetic_Gall Midge_Cutting Weevil_747.jpg,0,0,1,0,1,0,0,0,0
synthetic_Bacterial Canker_Powdery Mildew_448.jpg,0,1,0,0,0,0,1,0,0
synthetic_Cutting Weevil_Sooty Mould_918.jpg,0,0,1,0,0,0,0,1,0
synthetic_Anthracnose_uploads_1510.jpg,1,0,0,0,0,0,0,0,1
synthetic_Die Back_Anthracnose_876.jpg,1,0,0,1,0,0,0,0,0
synthetic_Cutting Weevil_Die Back_913.jpg,0,0,1,1,0,0,0,0,0
synthetic_uploads_Anthracnose_1748.jpg,1,0,0,0,0,0,0,0,1
synthetic_Powdery Mildew_Gall Midge_850.jpg,0,0,0,0,1,0,1,0,0
synthetic_Gall Midge_Sooty Mould_1840.jpg,0,0,0,0,1,0,0,1,0
synthetic_Cutting Weevil_Sooty Mould_906.jpg,0,0,1,0,0,0,0,1,0
synthetic_Gall Midge_Die Back_1631.jpg,0,0,0,1,1,0,0,0,0
synthetic_Cutting Weevil_Die Back_473.jpg,0,0,1,1,0,0,0,0,0
synthetic_Healthy_Cutting Weevil_650.jpg,0,0,1,0,0,1,0,0,0
synthetic_Healthy_Powdery Mildew_596.jpg,0,0,0,0,0,1,1,0,0
synthetic_Die Back_Cutting Weevil_441.jpg,0,0,1,1,0,0,0,0,0
synthetic_Powdery Mildew_Bacterial Canker_1233.jpg,0,1,0,0,0,0,1,0,0
synthetic_Healthy_Sooty Mould_1920.jpg,0,0,0,0,0,1,0,1,0
synthetic_Sooty Mould_Healthy_1588.jpg,0,0,0,0,0,1,0,1,0
synthetic_Healthy_Powdery Mildew_773.jpg,0,0,0,0,0,1,1,0,0
synthetic_uploads_Cutting Weevil_43.jpg,0,0,1,0,0,0,0,0,1
synthetic_uploads_Bacterial Canker_1800.jpg,0,1,0,0,0,0,0,0,1
synthetic_uploads_Bacterial Canker_1137.jpg,0,1,0,0,0,0,0,0,1
synthetic_Die Back_Cutting Weevil_1258.jpg,0,0,1,1,0,0,0,0,0
synthetic_Bacterial Canker_Die Back_1612.jpg,0,1,0,1,0,0,0,0,0
synthetic_Sooty Mould_Healthy_169.jpg,0,0,0,0,0,1,0,1,0
synthetic_Gall Midge_uploads_59.jpg,0,0,0,0,1,0,0,0,1
synthetic_Sooty Mould_Die Back_1867.jpg,0,0,0,1,0,0,0,1,0
synthetic_Sooty Mould_uploads_1610.jpg,0,0,0,0,0,0,0,1,1
synthetic_Anthracnose_Healthy_1836.jpg,1,0,0,0,0,1,0,0,0
synthetic_Healthy_Anthracnose_1073.jpg,1,0,0,0,0,1,0,0,0
synthetic_uploads_Gall Midge_748.jpg,0,0,0,0,1,0,0,0,1
synthetic_uploads_Sooty Mould_896.jpg,0,0,0,0,0,0,0,1,1
synthetic_Anthracnose_Die Back_1268.jpg,1,0,0,1,0,0,0,0,0
synthetic_Sooty Mould_Gall Midge_1887.jpg,0,0,0,0,1,0,0,1,0
synthetic_Gall Midge_Sooty Mould_1955.jpg,0,0,0,0,1,0,0,1,0
synthetic_Bacterial Canker_uploads_841.jpg,0,1,0,0,0,0,0,0,1
synthetic_Bacterial Canker_Powdery Mildew_122.jpg,0,1,0,0,0,0,1,0,0
synthetic_Powdery Mildew_Sooty Mould_129.jpg,0,0,0,0,0,0,1,1,0
synthetic_Anthracnose_Die Back_301.jpg,1,0,0,1,0,0,0,0,0
synthetic_Die Back_Cutting Weevil_552.jpg,0,0,1,1,0,0,0,0,0
synthetic_Powdery Mildew_Cutting Weevil_1058.jpg,0,0,1,0,0,0,1,0,0
synthetic_Die Back_Cutting Weevil_174.jpg,0,0,1,1,0,0,0,0,0
synthetic_Bacterial Canker_Gall Midge_989.jpg,0,1,0,0,1,0,0,0,0
synthetic_Gall Midge_Sooty Mould_344.jpg,0,0,0,0,1,0,0,1,0
synthetic_Healthy_Die Back_1221.jpg,0,0,0,1,0,1,0,0,0
synthetic_Sooty Mould_Cutting Weevil_1633.jpg,0,0,1,0,0,0,0,1,0
synthetic_Powdery Mildew_Gall Midge_613.jpg,0,0,0,0,1,0,1,0,0
synthetic_uploads_Sooty Mould_875.jpg,0,0,0,0,0,0,0,1,1
synthetic_uploads_Cutting Weevil_18.jpg,0,0,1,0,0,0,0,0,1
synthetic_Healthy_Gall Midge_1900.jpg,0,0,0,0,1,1,0,0,0
synthetic_uploads_Die Back_858.jpg,0,0,0,1,0,0,0,0,1
synthetic_Healthy_Sooty Mould_713.jpg,0,0,0,0,0,1,0,1,0
synthetic_uploads_Powdery Mildew_1018.jpg,0,0,0,0,0,0,1,0,1
synthetic_Cutting Weevil_Sooty Mould_193.jpg,0,0,1,0,0,0,0,1,0
synthetic_uploads_Gall Midge_560.jpg,0,0,0,0,1,0,0,0,1
synthetic_Die Back_Sooty Mould_1428.jpg,0,0,0,1,0,0,0,1,0
synthetic_Powdery Mildew_Die Back_1016.jpg,0,0,0,1,0,0,1,0,0
synthetic_Gall Midge_Bacterial Canker_1531.jpg,0,1,0,0,1,0,0,0,0
synthetic_Die Back_Powdery Mildew_447.jpg,0,0,0,1,0,0,1,0,0
synthetic_Healthy_Gall Midge_1926.jpg,0,0,0,0,1,1,0,0,0
synthetic_Healthy_uploads_1769.jpg,0,0,0,0,0,1,0,0,1
synthetic_uploads_Powdery Mildew_1873.jpg,0,0,0,0,0,0,1,0,1
synthetic_Bacterial Canker_Die Back_1600.jpg,0,1,0,1,0,0,0,0,0
synthetic_Gall Midge_Powdery Mildew_1897.jpg,0,0,0,0,1,0,1,0,0
synthetic_uploads_Bacterial Canker_1094.jpg,0,1,0,0,0,0,0,0,1
synthetic_Healthy_Sooty Mould_1087.jpg,0,0,0,0,0,1,0,1,0
synthetic_Cutting Weevil_Gall Midge_1744.jpg,0,0,1,0,1,0,0,0,0
synthetic_Bacterial Canker_Cutting Weevil_94.jpg,0,1,1,0,0,0,0,0,0
synthetic_uploads_Gall Midge_1826.jpg,0,0,0,0,1,0,0,0,1
synthetic_Bacterial Canker_Powdery Mildew_539.jpg,0,1,0,0,0,0,1,0,0
synthetic_Powdery Mildew_Gall Midge_415.jpg,0,0,0,0,1,0,1,0,0
synthetic_Anthracnose_Die Back_566.jpg,1,0,0,1,0,0,0,0,0
synthetic_uploads_Sooty Mould_1629.jpg,0,0,0,0,0,0,0,1,1
synthetic_Healthy_Die Back_872.jpg,0,0,0,1,0,1,0,0,0
synthetic_uploads_Gall Midge_345.jpg,0,0,0,0,1,0,0,0,1
synthetic_Bacterial Canker_uploads_814.jpg,0,1,0,0,0,0,0,0,1
synthetic_Sooty Mould_Gall Midge_1786.jpg,0,0,0,0,1,0,0,1,0
synthetic_Cutting Weevil_Healthy_912.jpg,0,0,1,0,0,1,0,0,0
synthetic_uploads_Powdery Mildew_819.jpg,0,0,0,0,0,0,1,0,1
synthetic_Cutting Weevil_Powdery Mildew_509.jpg,0,0,1,0,0,0,1,0,0
synthetic_Cutting Weevil_Anthracnose_1828.jpg,1,0,1,0,0,0,0,0,0
synthetic_Bacterial Canker_Cutting Weevil_1921.jpg,0,1,1,0,0,0,0,0,0
synthetic_Healthy_uploads_1411.jpg,0,0,0,0,0,1,0,0,1
synthetic_Gall Midge_Cutting Weevil_1252.jpg,0,0,1,0,1,0,0,0,0
synthetic_Gall Midge_uploads_1415.jpg,0,0,0,0,1,0,0,0,1
synthetic_Cutting Weevil_Die Back_1204.jpg,0,0,1,1,0,0,0,0,0
synthetic_Healthy_Powdery Mildew_491.jpg,0,0,0,0,0,1,1,0,0
synthetic_Cutting Weevil_Gall Midge_1334.jpg,0,0,1,0,1,0,0,0,0
synthetic_Bacterial Canker_Anthracnose_1455.jpg,1,1,0,0,0,0,0,0,0
synthetic_Powdery Mildew_Anthracnose_810.jpg,1,0,0,0,0,0,1,0,0
synthetic_Bacterial Canker_Anthracnose_1055.jpg,1,1,0,0,0,0,0,0,0
synthetic_Healthy_uploads_407.jpg,0,0,0,0,0,1,0,0,1
synthetic_Sooty Mould_uploads_1191.jpg,0,0,0,0,0,0,0,1,1
synthetic_Cutting Weevil_Powdery Mildew_1917.jpg,0,0,1,0,0,0,1,0,0
synthetic_Anthracnose_Powdery Mildew_1306.jpg,1,0,0,0,0,0,1,0,0
synthetic_Anthracnose_uploads_1435.jpg,1,0,0,0,0,0,0,0,1
synthetic_Bacterial Canker_Die Back_867.jpg,0,1,0,1,0,0,0,0,0
synthetic_Die Back_Healthy_1215.jpg,0,0,0,1,0,1,0,0,0
synthetic_Healthy_Bacterial Canker_794.jpg,0,1,0,0,0,1,0,0,0
synthetic_Cutting Weevil_Die Back_568.jpg,0,0,1,1,0,0,0,0,0
synthetic_Bacterial Canker_Anthracnose_47.jpg,1,1,0,0,0,0,0,0,0
synthetic_Powdery Mildew_Healthy_5.jpg,0,0,0,0,0,1,1,0,0
synthetic_Cutting Weevil_Anthracnose_658.jpg,1,0,1,0,0,0,0,0,0
synthetic_Anthracnose_Bacterial Canker_1321.jpg,1,1,0,0,0,0,0,0,0
synthetic_Sooty Mould_uploads_1733.jpg,0,0,0,0,0,0,0,1,1
synthetic_Sooty Mould_uploads_3.jpg,0,0,0,0,0,0,0,1,1
synthetic_Anthracnose_Gall Midge_1845.jpg,1,0,0,0,1,0,0,0,0
synthetic_Healthy_Sooty Mould_1212.jpg,0,0,0,0,0,1,0,1,0
synthetic_uploads_Gall Midge_897.jpg,0,0,0,0,1,0,0,0,1
synthetic_Sooty Mould_Healthy_486.jpg,0,0,0,0,0,1,0,1,0
synthetic_Anthracnose_Bacterial Canker_982.jpg,1,1,0,0,0,0,0,0,0
synthetic_Anthracnose_Sooty Mould_1797.jpg,1,0,0,0,0,0,0,1,0
synthetic_Cutting Weevil_Healthy_469.jpg,0,0,1,0,0,1,0,0,0
synthetic_Bacterial Canker_Healthy_1368.jpg,0,1,0,0,0,1,0,0,0
synthetic_Gall Midge_Powdery Mildew_1437.jpg,0,0,0,0,1,0,1,0,0
synthetic_Gall Midge_uploads_270.jpg,0,0,0,0,1,0,0,0,1
synthetic_Die Back_uploads_907.jpg,0,0,0,1,0,0,0,0,1
synthetic_Cutting Weevil_Bacterial Canker_1674.jpg,0,1,1,0,0,0,0,0,0
synthetic_Bacterial Canker_Sooty Mould_324.jpg,0,1,0,0,0,0,0,1,0
synthetic_Powdery Mildew_Sooty Mould_478.jpg,0,0,0,0,0,0,1,1,0
synthetic_Healthy_Die Back_1102.jpg,0,0,0,1,0,1,0,0,0
synthetic_Powdery Mildew_Anthracnose_278.jpg,1,0,0,0,0,0,1,0,0
synthetic_Cutting Weevil_Healthy_779.jpg,0,0,1,0,0,1,0,0,0
synthetic_Anthracnose_Sooty Mould_253.jpg,1,0,0,0,0,0,0,1,0
synthetic_Die Back_Powdery Mildew_1842.jpg,0,0,0,1,0,0,1,0,0
synthetic_Cutting Weevil_uploads_1652.jpg,0,0,1,0,0,0,0,0,1
synthetic_Die Back_Cutting Weevil_991.jpg,0,0,1,1,0,0,0,0,0
synthetic_Sooty Mould_Bacterial Canker_357.jpg,0,1,0,0,0,0,0,1,0
synthetic_Anthracnose_Gall Midge_1107.jpg,1,0,0,0,1,0,0,0,0
synthetic_Healthy_Cutting Weevil_523.jpg,0,0,1,0,0,1,0,0,0
synthetic_Bacterial Canker_Gall Midge_1657.jpg,0,1,0,0,1,0,0,0,0
synthetic_Bacterial Canker_Powdery Mildew_351.jpg,0,1,0,0,0,0,1,0,0
synthetic_Cutting Weevil_Bacterial Canker_342.jpg,0,1,1,0,0,0,0,0,0
synthetic_Powdery Mildew_Bacterial Canker_555.jpg,0,1,0,0,0,0,1,0,0
synthetic_Anthracnose_Sooty Mould_899.jpg,1,0,0,0,0,0,0,1,0
synthetic_Anthracnose_Die Back_824.jpg,1,0,0,1,0,0,0,0,0
synthetic_Cutting Weevil_Healthy_1013.jpg,0,0,1,0,0,1,0,0,0
synthetic_Powdery Mildew_Anthracnose_558.jpg,1,0,0,0,0,0,1,0,0
synthetic_Die Back_Anthracnose_1663.jpg,1,0,0,1,0,0,0,0,0
synthetic_uploads_Healthy_315.jpg,0,0,0,0,0,1,0,0,1
synthetic_Bacterial Canker_uploads_1266.jpg,0,1,0,0,0,0,0,0,1
synthetic_Die Back_Bacterial Canker_1971.jpg,0,1,0,1,0,0,0,0,0
synthetic_Die Back_Powdery Mildew_657.jpg,0,0,0,1,0,0,1,0,0
synthetic_Healthy_Sooty Mould_1907.jpg,0,0,0,0,0,1,0,1,0
synthetic_Die Back_Anthracnose_60.jpg,1,0,0,1,0,0,0,0,0
synthetic_Healthy_Anthracnose_972.jpg,1,0,0,0,0,1,0,0,0
synthetic_Die Back_Healthy_488.jpg,0,0,0,1,0,1,0,0,0
synthetic_Sooty Mould_Die Back_1152.jpg,0,0,0,1,0,0,0,1,0
synthetic_Cutting Weevil_Bacterial Canker_1412.jpg,0,1,1,0,0,0,0,0,0
synthetic_Gall Midge_uploads_1288.jpg,0,0,0,0,1,0,0,0,1
synthetic_Healthy_Die Back_1116.jpg,0,0,0,1,0,1,0,0,0
synthetic_Anthracnose_Gall Midge_1158.jpg,1,0,0,0,1,0,0,0,0
synthetic_uploads_Powdery Mildew_306.jpg,0,0,0,0,0,0,1,0,1
synthetic_Anthracnose_Powdery Mildew_940.jpg,1,0,0,0,0,0,1,0,0
synthetic_Die Back_Anthracnose_985.jpg,1,0,0,1,0,0,0,0,0
synthetic_Powdery Mildew_Cutting Weevil_1781.jpg,0,0,1,0,0,0,1,0,0
synthetic_Healthy_Bacterial Canker_574.jpg,0,1,0,0,0,1,0,0,0
synthetic_Sooty Mould_Powdery Mildew_1317.jpg,0,0,0,0,0,0,1,1,0
synthetic_Die Back_Cutting Weevil_749.jpg,0,0,1,1,0,0,0,0,0
synthetic_Sooty Mould_Powdery Mildew_763.jpg,0,0,0,0,0,0,1,1,0
synthetic_Bacterial Canker_Sooty Mould_1189.jpg,0,1,0,0,0,0,0,1,0
synthetic_uploads_Bacterial Canker_218.jpg,0,1,0,0,0,0,0,0,1
synthetic_Die Back_Gall Midge_1696.jpg,0,0,0,1,1,0,0,0,0
synthetic_Cutting Weevil_Bacterial Canker_48.jpg,0,1,1,0,0,0,0,0,0
synthetic_Powdery Mildew_Healthy_1192.jpg,0,0,0,0,0,1,1,0,0
synthetic_Gall Midge_Healthy_719.jpg,0,0,0,0,1,1,0,0,0
synthetic_Cutting Weevil_Bacterial Canker_57.jpg,0,1,1,0,0,0,0,0,0
synthetic_Die Back_uploads_1101.jpg,0,0,0,1,0,0,0,0,1
synthetic_Cutting Weevil_Powdery Mildew_378.jpg,0,0,1,0,0,0,1,0,0
synthetic_Anthracnose_Gall Midge_1535.jpg,1,0,0,0,1,0,0,0,0
synthetic_Gall Midge_Healthy_21.jpg,0,0,0,0,1,1,0,0,0
synthetic_Healthy_Anthracnose_1272.jpg,1,0,0,0,0,1,0,0,0
synthetic_Healthy_uploads_274.jpg,0,0,0,0,0,1,0,0,1
synthetic_Powdery Mildew_Anthracnose_1639.jpg,1,0,0,0,0,0,1,0,0
synthetic_Anthracnose_Healthy_894.jpg,1,0,0,0,0,1,0,0,0
synthetic_Bacterial Canker_Gall Midge_638.jpg,0,1,0,0,1,0,0,0,0
synthetic_Powdery Mildew_Cutting Weevil_937.jpg,0,0,1,0,0,0,1,0,0
synthetic_Die Back_Anthracnose_909.jpg,1,0,0,1,0,0,0,0,0
synthetic_Healthy_Bacterial Canker_1219.jpg,0,1,0,0,0,1,0,0,0
synthetic_Anthracnose_Healthy_1903.jpg,1,0,0,0,0,1,0,0,0
synthetic_Powdery Mildew_Gall Midge_15.jpg,0,0,0,0,1,0,1,0,0
synthetic_Sooty Mould_uploads_666.jpg,0,0,0,0,0,0,0,1,1
synthetic_Anthracnose_uploads_397.jpg,1,0,0,0,0,0,0,0,1
synthetic_Anthracnose_Gall Midge_737.jpg,1,0,0,0,1,0,0,0,0
synthetic_Die Back_Sooty Mould_467.jpg,0,0,0,1,0,0,0,1,0
synthetic_Gall Midge_Cutting Weevil_332.jpg,0,0,1,0,1,0,0,0,0
synthetic_Sooty Mould_Anthracnose_172.jpg,1,0,0,0,0,0,0,1,0
synthetic_Bacterial Canker_Cutting Weevil_16.jpg,0,1,1,0,0,0,0,0,0
synthetic_Gall Midge_Cutting Weevil_121.jpg,0,0,1,0,1,0,0,0,0
synthetic_uploads_Gall Midge_1505.jpg,0,0,0,0,1,0,0,0,1
synthetic_Anthracnose_Cutting Weevil_1.jpg,1,0,1,0,0,0,0,0,0
synthetic_Powdery Mildew_Sooty Mould_1497.jpg,0,0,0,0,0,0,1,1,0
synthetic_Sooty Mould_Powdery Mildew_1391.jpg,0,0,0,0,0,0,1,1,0
synthetic_Cutting Weevil_Anthracnose_414.jpg,1,0,1,0,0,0,0,0,0
synthetic_Anthracnose_uploads_1183.jpg,1,0,0,0,0,0,0,0,1
synthetic_Powdery Mildew_uploads_931.jpg,0,0,0,0,0,0,1,0,1
synthetic_uploads_Sooty Mould_434.jpg,0,0,0,0,0,0,0,1,1
synthetic_Die Back_Healthy_543.jpg,0,0,0,1,0,1,0,0,0
synthetic_Powdery Mildew_Sooty Mould_96.jpg,0,0,0,0,0,0,1,1,0
synthetic_Bacterial Canker_Sooty Mould_289.jpg,0,1,0,0,0,0,0,1,0
synthetic_Bacterial Canker_uploads_257.jpg,0,1,0,0,0,0,0,0,1
synthetic_Healthy_Gall Midge_387.jpg,0,0,0,0,1,1,0,0,0
synthetic_Die Back_uploads_1940.jpg,0,0,0,1,0,0,0,0,1
synthetic_Die Back_Sooty Mould_197.jpg,0,0,0,1,0,0,0,1,0
synthetic_Powdery Mildew_Gall Midge_88.jpg,0,0,0,0,1,0,1,0,0
synthetic_uploads_Bacterial Canker_1366.jpg,0,1,0,0,0,0,0,0,1
synthetic_Anthracnose_Sooty Mould_588.jpg,1,0,0,0,0,0,0,1,0
synthetic_Bacterial Canker_Die Back_215.jpg,0,1,0,1,0,0,0,0,0
synthetic_Cutting Weevil_Bacterial Canker_1962.jpg,0,1,1,0,0,0,0,0,0
synthetic_Die Back_Gall Midge_1477.jpg,0,0,0,1,1,0,0,0,0
synthetic_Gall Midge_Cutting Weevil_184.jpg,0,0,1,0,1,0,0,0,0
synthetic_Anthracnose_Sooty Mould_77.jpg,1,0,0,0,0,0,0,1,0
synthetic_Gall Midge_Powdery Mildew_1603.jpg,0,0,0,0,1,0,1,0,0
synthetic_Powdery Mildew_uploads_888.jpg,0,0,0,0,0,0,1,0,1
synthetic_Anthracnose_Healthy_81.jpg,1,0,0,0,0,1,0,0,0
synthetic_Bacterial Canker_Powdery Mildew_444.jpg,0,1,0,0,0,0,1,0,0
synthetic_Anthracnose_Cutting Weevil_837.jpg,1,0,1,0,0,0,0,0,0
synthetic_Cutting Weevil_Anthracnose_116.jpg,1,0,1,0,0,0,0,0,0
synthetic_Anthracnose_uploads_599.jpg,1,0,0,0,0,0,0,0,1
synthetic_Healthy_Gall Midge_9.jpg,0,0,0,0,1,1,0,0,0
synthetic_Sooty Mould_Gall Midge_54.jpg,0,0,0,0,1,0,0,1,0
synthetic_Healthy_Gall Midge_1669.jpg,0,0,0,0,1,1,0,0,0
synthetic_Gall Midge_Bacterial Canker_1885.jpg,0,1,0,0,1,0,0,0,0
synthetic_Gall Midge_Cutting Weevil_1176.jpg,0,0,1,0,1,0,0,0,0
synthetic_Bacterial Canker_Sooty Mould_1482.jpg,0,1,0,0,0,0,0,1,0
synthetic_Healthy_uploads_1024.jpg,0,0,0,0,0,1,0,0,1
synthetic_Sooty Mould_Cutting Weevil_258.jpg,0,0,1,0,0,0,0,1,0
synthetic_Sooty Mould_uploads_742.jpg,0,0,0,0,0,0,0,1,1
synthetic_Bacterial Canker_Cutting Weevil_490.jpg,0,1,1,0,0,0,0,0,0
synthetic_uploads_Powdery Mildew_1035.jpg,0,0,0,0,0,0,1,0,1
synthetic_Cutting Weevil_Sooty Mould_1776.jpg,0,0,1,0,0,0,0,1,0
synthetic_Sooty Mould_uploads_626.jpg,0,0,0,0,0,0,0,1,1
synthetic_Anthracnose_Die Back_1912.jpg,1,0,0,1,0,0,0,0,0
synthetic_Powdery Mildew_Bacterial Canker_629.jpg,0,1,0,0,0,0,1,0,0
synthetic_Sooty Mould_Healthy_1700.jpg,0,0,0,0,0,1,0,1,0
synthetic_Anthracnose_Die Back_753.jpg,1,0,0,1,0,0,0,0,0
synthetic_Cutting Weevil_Anthracnose_376.jpg,1,0,1,0,0,0,0,0,0
synthetic_Die Back_uploads_24.jpg,0,0,0,1,0,0,0,0,1
synthetic_Healthy_Gall Midge_1576.jpg,0,0,0,0,1,1,0,0,0
synthetic_Powdery Mildew_Healthy_616.jpg,0,0,0,0,0,1,1,0,0
synthetic_Cutting Weevil_Bacterial Canker_551.jpg,0,1,1,0,0,0,0,0,0
synthetic_Bacterial Canker_uploads_393.jpg,0,1,0,0,0,0,0,0,1
synthetic_uploads_Gall Midge_382.jpg,0,0,0,0,1,0,0,0,1
synthetic_uploads_Sooty Mould_302.jpg,0,0,0,0,0,0,0,1,1
synthetic_Anthracnose_uploads_178.jpg,1,0,0,0,0,0,0,0,1
synthetic_Cutting Weevil_Bacterial Canker_1525.jpg,0,1,1,0,0,0,0,0,0
synthetic_Die Back_Sooty Mould_1474.jpg,0,0,0,1,0,0,0,1,0
synthetic_Cutting Weevil_Anthracnose_603.jpg,1,0,1,0,0,0,0,0,0
synthetic_Bacterial Canker_Die Back_584.jpg,0,1,0,1,0,0,0,0,0
synthetic_Healthy_Bacterial Canker_95.jpg,0,1,0,0,0,1,0,0,0
synthetic_Gall Midge_Bacterial Canker_1322.jpg,0,1,0,0,1,0,0,0,0
synthetic_Die Back_Cutting Weevil_919.jpg,0,0,1,1,0,0,0,0,0
synthetic_Bacterial Canker_Gall Midge_762.jpg,0,1,0,0,1,0,0,0,0
synthetic_uploads_Powdery Mildew_1767.jpg,0,0,0,0,0,0,1,0,1
synthetic_Gall Midge_Sooty Mould_1892.jpg,0,0,0,0,1,0,0,1,0
synthetic_Die Back_Cutting Weevil_1677.jpg,0,0,1,1,0,0,0,0,0
synthetic_Sooty Mould_Cutting Weevil_852.jpg,0,0,1,0,0,0,0,1,0
synthetic_Anthracnose_Bacterial Canker_1198.jpg,1,1,0,0,0,0,0,0,0
synthetic_uploads_Sooty Mould_759.jpg,0,0,0,0,0,0,0,1,1
synthetic_Anthracnose_uploads_373.jpg,1,0,0,0,0,0,0,0,1
synthetic_Anthracnose_Cutting Weevil_1718.jpg,1,0,1,0,0,0,0,0,0
synthetic_Die Back_uploads_222.jpg,0,0,0,1,0,0,0,0,1
synthetic_Cutting Weevil_Bacterial Canker_1298.jpg,0,1,1,0,0,0,0,0,0
synthetic_Gall Midge_Cutting Weevil_1941.jpg,0,0,1,0,1,0,0,0,0
synthetic_Powdery Mildew_Gall Midge_1527.jpg,0,0,0,0,1,0,1,0,0
synthetic_Anthracnose_Cutting Weevil_1799.jpg,1,0,1,0,0,0,0,0,0
synthetic_Anthracnose_Powdery Mildew_463.jpg,1,0,0,0,0,0,1,0,0
synthetic_uploads_Die Back_868.jpg,0,0,0,1,0,0,0,0,1
synthetic_Anthracnose_uploads_1313.jpg,1,0,0,0,0,0,0,0,1
synthetic_Die Back_Bacterial Canker_318.jpg,0,1,0,1,0,0,0,0,0
synthetic_Anthracnose_Powdery Mildew_1604.jpg,1,0,0,0,0,0,1,0,0
synthetic_Die Back_Cutting Weevil_337.jpg,0,0,1,1,0,0,0,0,0
synthetic_Anthracnose_Gall Midge_790.jpg,1,0,0,0,1,0,0,0,0
synthetic_Gall Midge_Die Back_1342.jpg,0,0,0,1,1,0,0,0,0
synthetic_Sooty Mould_Gall Midge_625.jpg,0,0,0,0,1,0,0,1,0
synthetic_Bacterial Canker_Healthy_431.jpg,0,1,0,0,0,1,0,0,0
synthetic_Gall Midge_Healthy_1419.jpg,0,0,0,0,1,1,0,0,0
synthetic_Die Back_Bacterial Canker_1587.jpg,0,1,0,1,0,0,0,0,0
synthetic_Powdery Mildew_Die Back_1758.jpg,0,0,0,1,0,0,1,0,0
synthetic_Powdery Mildew_Die Back_1320.jpg,0,0,0,1,0,0,1,0,0
synthetic_Powdery Mildew_Anthracnose_711.jpg,1,0,0,0,0,0,1,0,0
synthetic_Cutting Weevil_Sooty Mould_1297.jpg,0,0,1,0,0,0,0,1,0
synthetic_Die Back_Healthy_908.jpg,0,0,0,1,0,1,0,0,0
synthetic_Anthracnose_Sooty Mould_104.jpg,1,0,0,0,0,0,0,1,0
synthetic_uploads_Cutting Weevil_1516.jpg,0,0,1,0,0,0,0,0,1
synthetic_Healthy_Anthracnose_855.jpg,1,0,0,0,0,1,0,0,0
synthetic_Gall Midge_Die Back_726.jpg,0,0,0,1,1,0,0,0,0
synthetic_Bacterial Canker_Cutting Weevil_1167.jpg,0,1,1,0,0,0,0,0,0
synthetic_Anthracnose_Sooty Mould_1818.jpg,1,0,0,0,0,0,0,1,0
synthetic_Healthy_Gall Midge_158.jpg,0,0,0,0,1,1,0,0,0
synthetic_Die Back_Gall Midge_1520.jpg,0,0,0,1,1,0,0,0,0
synthetic_Gall Midge_Powdery Mildew_265.jpg,0,0,0,0,1,0,1,0,0
synthetic_Healthy_Cutting Weevil_1761.jpg,0,0,1,0,0,1,0,0,0
synthetic_Die Back_Bacterial Canker_1855.jpg,0,1,0,1,0,0,0,0,0
synthetic_Powdery Mildew_Gall Midge_1426.jpg,0,0,0,0,1,0,1,0,0
synthetic_uploads_Healthy_744.jpg,0,0,0,0,0,1,0,0,1
synthetic_Anthracnose_Powdery Mildew_83.jpg,1,0,0,0,0,0,1,0,0
synthetic_Healthy_Anthracnose_38.jpg,1,0,0,0,0,1,0,0,0
synthetic_Die Back_Sooty Mould_251.jpg,0,0,0,1,0,0,0,1,0
synthetic_Gall Midge_Anthracnose_811.jpg,1,0,0,0,1,0,0,0,0
synthetic_uploads_Powdery Mildew_14.jpg,0,0,0,0,0,0,1,0,1
synthetic_Anthracnose_Cutting Weevil_1726.jpg,1,0,1,0,0,0,0,0,0
synthetic_Anthracnose_Bacterial Canker_1961.jpg,1,1,0,0,0,0,0,0,0
synthetic_uploads_Bacterial Canker_652.jpg,0,1,0,0,0,0,0,0,1
synthetic_Healthy_Gall Midge_1257.jpg,0,0,0,0,1,1,0,0,0
synthetic_Bacterial Canker_Sooty Mould_364.jpg,0,1,0,0,0,0,0,1,0
synthetic_Die Back_Gall Midge_1469.jpg,0,0,0,1,1,0,0,0,0
synthetic_Gall Midge_Healthy_19.jpg,0,0,0,0,1,1,0,0,0
synthetic_Gall Midge_Healthy_325.jpg,0,0,0,0,1,1,0,0,0
synthetic_Anthracnose_Cutting Weevil_468.jpg,1,0,1,0,0,0,0,0,0
synthetic_Powdery Mildew_Healthy_1027.jpg,0,0,0,0,0,1,1,0,0
synthetic_uploads_Powdery Mildew_689.jpg,0,0,0,0,0,0,1,0,1
synthetic_Cutting Weevil_Anthracnose_545.jpg,1,0,1,0,0,0,0,0,0
synthetic_Cutting Weevil_Sooty Mould_1373.jpg,0,0,1,0,0,0,0,1,0
synthetic_Bacterial Canker_uploads_1616.jpg,0,1,0,0,0,0,0,0,1
synthetic_Sooty Mould_uploads_1382.jpg,0,0,0,0,0,0,0,1,1
synthetic_Healthy_Anthracnose_1766.jpg,1,0,0,0,0,1,0,0,0
synthetic_Sooty Mould_Bacterial Canker_1889.jpg,0,1,0,0,0,0,0,1,0
synthetic_Bacterial Canker_Die Back_1913.jpg,0,1,0,1,0,0,0,0,0
synthetic_Bacterial Canker_Cutting Weevil_127.jpg,0,1,1,0,0,0,0,0,0
synthetic_Powdery Mildew_Healthy_1485.jpg,0,0,0,0,0,1,1,0,0
synthetic_Cutting Weevil_Sooty Mould_847.jpg,0,0,1,0,0,0,0,1,0
synthetic_Healthy_Die Back_1859.jpg,0,0,0,1,0,1,0,0,0
synthetic_Powdery Mildew_Anthracnose_1372.jpg,1,0,0,0,0,0,1,0,0
synthetic_Die Back_Healthy_1844.jpg,0,0,0,1,0,1,0,0,0
synthetic_Sooty Mould_Anthracnose_1570.jpg,1,0,0,0,0,0,0,1,0
synthetic_Sooty Mould_Gall Midge_260.jpg,0,0,0,0,1,0,0,1,0
synthetic_Bacterial Canker_Sooty Mould_1105.jpg,0,1,0,0,0,0,0,1,0
synthetic_Gall Midge_Cutting Weevil_235.jpg,0,0,1,0,1,0,0,0,0
synthetic_Die Back_Cutting Weevil_1967.jpg,0,0,1,1,0,0,0,0,0
synthetic_Die Back_Sooty Mould_1731.jpg,0,0,0,1,0,0,0,1,0
synthetic_Gall Midge_uploads_1431.jpg,0,0,0,0,1,0,0,0,1
synthetic_Die Back_uploads_904.jpg,0,0,0,1,0,0,0,0,1
synthetic_Powdery Mildew_Anthracnose_461.jpg,1,0,0,0,0,0,1,0,0
synthetic_Cutting Weevil_Bacterial Canker_1460.jpg,0,1,1,0,0,0,0,0,0
synthetic_Sooty Mould_Healthy_799.jpg,0,0,0,0,0,1,0,1,0
synthetic_Gall Midge_Healthy_430.jpg,0,0,0,0,1,1,0,0,0
synthetic_Bacterial Canker_uploads_489.jpg,0,1,0,0,0,0,0,0,1
synthetic_Healthy_Sooty Mould_1557.jpg,0,0,0,0,0,1,0,1,0
synthetic_Healthy_Bacterial Canker_1827.jpg,0,1,0,0,0,1,0,0,0
synthetic_Anthracnose_Cutting Weevil_1976.jpg,1,0,1,0,0,0,0,0,0
synthetic_Cutting Weevil_Bacterial Canker_1062.jpg,0,1,1,0,0,0,0,0,0
synthetic_Healthy_Cutting Weevil_1607.jpg,0,0,1,0,0,1,0,0,0
synthetic_Die Back_Gall Midge_1481.jpg,0,0,0,1,1,0,0,0,0
synthetic_Gall Midge_Bacterial Canker_1853.jpg,0,1,0,0,1,0,0,0,0
synthetic_Gall Midge_uploads_1869.jpg,0,0,0,0,1,0,0,0,1
synthetic_Die Back_uploads_406.jpg,0,0,0,1,0,0,0,0,1
synthetic_Sooty Mould_Gall Midge_464.jpg,0,0,0,0,1,0,0,1,0
synthetic_Sooty Mould_Cutting Weevil_660.jpg,0,0,1,0,0,0,0,1,0
synthetic_Cutting Weevil_Die Back_1805.jpg,0,0,1,1,0,0,0,0,0
synthetic_Powdery Mildew_uploads_1980.jpg,0,0,0,0,0,0,1,0,1
synthetic_Sooty Mould_Anthracnose_98.jpg,1,0,0,0,0,0,0,1,0
synthetic_Die Back_Cutting Weevil_910.jpg,0,0,1,1,0,0,0,0,0
synthetic_Sooty Mould_uploads_1698.jpg,0,0,0,0,0,0,0,1,1
synthetic_Bacterial Canker_Anthracnose_1369.jpg,1,1,0,0,0,0,0,0,0
synthetic_Die Back_Gall Midge_1834.jpg,0,0,0,1,1,0,0,0,0
synthetic_Bacterial Canker_Die Back_854.jpg,0,1,0,1,0,0,0,0,0
synthetic_Sooty Mould_Anthracnose_358.jpg,1,0,0,0,0,0,0,1,0
synthetic_Healthy_Die Back_1132.jpg,0,0,0,1,0,1,0,0,0
synthetic_Healthy_Bacterial Canker_1691.jpg,0,1,0,0,0,1,0,0,0
synthetic_Healthy_Die Back_1203.jpg,0,0,0,1,0,1,0,0,0
synthetic_Die Back_Gall Midge_769.jpg,0,0,0,1,1,0,0,0,0
synthetic_Anthracnose_uploads_792.jpg,1,0,0,0,0,0,0,0,1
synthetic_Healthy_Bacterial Canker_162.jpg,0,1,0,0,0,1,0,0,0
synthetic_Anthracnose_Sooty Mould_1720.jpg,1,0,0,0,0,0,0,1,0
synthetic_Cutting Weevil_Healthy_136.jpg,0,0,1,0,0,1,0,0,0
synthetic_Die Back_uploads_1194.jpg,0,0,0,1,0,0,0,0,1
synthetic_Powdery Mildew_Cutting Weevil_28.jpg,0,0,1,0,0,0,1,0,0
synthetic_Die Back_Healthy_1080.jpg,0,0,0,1,0,1,0,0,0
synthetic_Cutting Weevil_Anthracnose_1444.jpg,1,0,1,0,0,0,0,0,0
synthetic_Cutting Weevil_uploads_746.jpg,0,0,1,0,0,0,0,0,1
synthetic_Powdery Mildew_Anthracnose_1446.jpg,1,0,0,0,0,0,1,0,0
synthetic_Bacterial Canker_Anthracnose_383.jpg,1,1,0,0,0,0,0,0,0
synthetic_Healthy_Cutting Weevil_1547.jpg,0,0,1,0,0,1,0,0,0
synthetic_Die Back_Powdery Mildew_1072.jpg,0,0,0,1,0,0,1,0,0
synthetic_Anthracnose_uploads_1054.jpg,1,0,0,0,0,0,0,0,1
synthetic_Cutting Weevil_Anthracnose_1362.jpg,1,0,1,0,0,0,0,0,0
synthetic_Bacterial Canker_Gall Midge_976.jpg,0,1,0,0,1,0,0,0,0
synthetic_Sooty Mould_Healthy_690.jpg,0,0,0,0,0,1,0,1,0
synthetic_uploads_Sooty Mould_600.jpg,0,0,0,0,0,0,0,1,1
synthetic_Die Back_Cutting Weevil_944.jpg,0,0,1,1,0,0,0,0,0
synthetic_Healthy_Anthracnose_117.jpg,1,0,0,0,0,1,0,0,0
synthetic_Sooty Mould_Gall Midge_1958.jpg,0,0,0,0,1,0,0,1,0
synthetic_Gall Midge_Sooty Mould_1336.jpg,0,0,0,0,1,0,0,1,0
synthetic_Gall Midge_Bacterial Canker_1998.jpg,0,1,0,0,1,0,0,0,0
synthetic_uploads_Die Back_377.jpg,0,0,0,1,0,0,0,0,1
synthetic_Die Back_Powdery Mildew_233.jpg,0,0,0,1,0,0,1,0,0
synthetic_Sooty Mould_Bacterial Canker_893.jpg,0,1,0,0,0,0,0,1,0
synthetic_Cutting Weevil_Gall Midge_676.jpg,0,0,1,0,1,0,0,0,0
synthetic_Sooty Mould_Bacterial Canker_472.jpg,0,1,0,0,0,0,0,1,0
synthetic_uploads_Gall Midge_1468.jpg,0,0,0,0,1,0,0,0,1
synthetic_Cutting Weevil_Gall Midge_1584.jpg,0,0,1,0,1,0,0,0,0
synthetic_Healthy_Sooty Mould_425.jpg,0,0,0,0,0,1,0,1,0
synthetic_Powdery Mildew_Cutting Weevil_1784.jpg,0,0,1,0,0,0,1,0,0
synthetic_Gall Midge_Cutting Weevil_352.jpg,0,0,1,0,1,0,0,0,0
synthetic_Anthracnose_uploads_1905.jpg,1,0,0,0,0,0,0,0,1
synthetic_Healthy_uploads_1207.jpg,0,0,0,0,0,1,0,0,1
synthetic_Anthracnose_Cutting Weevil_1162.jpg,1,0,1,0,0,0,0,0,0
synthetic_Gall Midge_Anthracnose_1214.jpg,1,0,0,0,1,0,0,0,0
synthetic_Bacterial Canker_Die Back_1850.jpg,0,1,0,1,0,0,0,0,0
synthetic_Healthy_Die Back_0.jpg,0,0,0,1,0,1,0,0,0
synthetic_Anthracnose_Bacterial Canker_1503.jpg,1,1,0,0,0,0,0,0,0
synthetic_uploads_Healthy_1375.jpg,0,0,0,0,0,1,0,0,1
synthetic_Gall Midge_Anthracnose_1641.jpg,1,0,0,0,1,0,0,0,0
synthetic_Die Back_Anthracnose_1302.jpg,1,0,0,1,0,0,0,0,0
synthetic_Bacterial Canker_Anthracnose_449.jpg,1,1,0,0,0,0,0,0,0
synthetic_uploads_Healthy_786.jpg,0,0,0,0,0,1,0,0,1
synthetic_Bacterial Canker_Anthracnose_1858.jpg,1,1,0,0,0,0,0,0,0
synthetic_Healthy_Anthracnose_194.jpg,1,0,0,0,0,1,0,0,0
synthetic_Cutting Weevil_Anthracnose_857.jpg,1,0,1,0,0,0,0,0,0
synthetic_Cutting Weevil_Gall Midge_1407.jpg,0,0,1,0,1,0,0,0,0
synthetic_Bacterial Canker_Die Back_1568.jpg,0,1,0,1,0,0,0,0,0
synthetic_Sooty Mould_Healthy_932.jpg,0,0,0,0,0,1,0,1,0
synthetic_Gall Midge_uploads_1992.jpg,0,0,0,0,1,0,0,0,1
synthetic_Powdery Mildew_Cutting Weevil_965.jpg,0,0,1,0,0,0,1,0,0
synthetic_uploads_Powdery Mildew_1020.jpg,0,0,0,0,0,0,1,0,1
synthetic_Anthracnose_Sooty Mould_567.jpg,1,0,0,0,0,0,0,1,0
synthetic_Gall Midge_Bacterial Canker_1124.jpg,0,1,0,0,1,0,0,0,0
synthetic_Sooty Mould_Anthracnose_1032.jpg,1,0,0,0,0,0,0,1,0
synthetic_uploads_Bacterial Canker_1114.jpg,0,1,0,0,0,0,0,0,1
synthetic_Bacterial Canker_Powdery Mildew_1282.jpg,0,1,0,0,0,0,1,0,0
synthetic_Cutting Weevil_Gall Midge_874.jpg,0,0,1,0,1,0,0,0,0
synthetic_Healthy_Die Back_1023.jpg,0,0,0,1,0,1,0,0,0
synthetic_Die Back_Cutting Weevil_445.jpg,0,0,1,1,0,0,0,0,0
synthetic_Cutting Weevil_Die Back_1848.jpg,0,0,1,1,0,0,0,0,0
synthetic_Die Back_Powdery Mildew_1394.jpg,0,0,0,1,0,0,1,0,0
synthetic_Cutting Weevil_Powdery Mildew_1218.jpg,0,0,1,0,0,0,1,0,0
synthetic_Cutting Weevil_Powdery Mildew_1543.jpg,0,0,1,0,0,0,1,0,0
synthetic_Healthy_Sooty Mould_422.jpg,0,0,0,0,0,1,0,1,0
synthetic_Sooty Mould_Powdery Mildew_294.jpg,0,0,0,0,0,0,1,1,0
synthetic_Anthracnose_Bacterial Canker_514.jpg,1,1,0,0,0,0,0,0,0
synthetic_Anthracnose_Powdery Mildew_1594.jpg,1,0,0,0,0,0,1,0,0
synthetic_Healthy_Powdery Mildew_1772.jpg,0,0,0,0,0,1,1,0,0
synthetic_uploads_Powdery Mildew_75.jpg,0,0,0,0,0,0,1,0,1
synthetic_Gall Midge_Anthracnose_1059.jpg,1,0,0,0,1,0,0,0,0
synthetic_Bacterial Canker_Sooty Mould_1029.jpg,0,1,0,0,0,0,0,1,0
synthetic_Gall Midge_Die Back_766.jpg,0,0,0,1,1,0,0,0,0
synthetic_Powdery Mildew_Anthracnose_1495.jpg,1,0,0,0,0,0,1,0,0
synthetic_Cutting Weevil_Sooty Mould_635.jpg,0,0,1,0,0,0,0,1,0
synthetic_Powdery Mildew_Cutting Weevil_435.jpg,0,0,1,0,0,0,1,0,0
synthetic_Cutting Weevil_Sooty Mould_495.jpg,0,0,1,0,0,0,0,1,0
synthetic_Powdery Mildew_uploads_1237.jpg,0,0,0,0,0,0,1,0,1
synthetic_Healthy_Cutting Weevil_1442.jpg,0,0,1,0,0,1,0,0,0
synthetic_Gall Midge_Powdery Mildew_510.jpg,0,0,0,0,1,0,1,0,0
synthetic_Anthracnose_Cutting Weevil_1014.jpg,1,0,1,0,0,0,0,0,0
synthetic_Die Back_Anthracnose_1591.jpg,1,0,0,1,0,0,0,0,0
synthetic_uploads_Bacterial Canker_1291.jpg,0,1,0,0,0,0,0,0,1
synthetic_Healthy_Sooty Mould_1585.jpg,0,0,0,0,0,1,0,1,0
synthetic_Powdery Mildew_Gall Midge_368.jpg,0,0,0,0,1,0,1,0,0
synthetic_Gall Midge_Sooty Mould_1515.jpg,0,0,0,0,1,0,0,1,0
synthetic_Cutting Weevil_uploads_1752.jpg,0,0,1,0,0,0,0,0,1
synthetic_Healthy_Sooty Mould_1355.jpg,0,0,0,0,0,1,0,1,0
synthetic_Die Back_Powdery Mildew_93.jpg,0,0,0,1,0,0,1,0,0
synthetic_Die Back_Cutting Weevil_614.jpg,0,0,1,1,0,0,0,0,0
synthetic_Sooty Mould_Anthracnose_151.jpg,1,0,0,0,0,0,0,1,0
synthetic_Gall Midge_Bacterial Canker_225.jpg,0,1,0,0,1,0,0,0,0
synthetic_Bacterial Canker_Powdery Mildew_1057.jpg,0,1,0,0,0,0,1,0,0
synthetic_uploads_Cutting Weevil_384.jpg,0,0,1,0,0,0,0,0,1
synthetic_Cutting Weevil_uploads_741.jpg,0,0,1,0,0,0,0,0,1
synthetic_Sooty Mould_Die Back_413.jpg,0,0,0,1,0,0,0,1,0
synthetic_Die Back_Sooty Mould_113.jpg,0,0,0,1,0,0,0,1,0
synthetic_Gall Midge_Anthracnose_1573.jpg,1,0,0,0,1,0,0,0,0
synthetic_Cutting Weevil_Die Back_164.jpg,0,0,1,1,0,0,0,0,0
synthetic_Die Back_Powdery Mildew_1673.jpg,0,0,0,1,0,0,1,0,0
synthetic_uploads_Cutting Weevil_1019.jpg,0,0,1,0,0,0,0,0,1
synthetic_Bacterial Canker_Anthracnose_1484.jpg,1,1,0,0,0,0,0,0,0
synthetic_Bacterial Canker_Powdery Mildew_1899.jpg,0,1,0,0,0,0,1,0,0
synthetic_Bacterial Canker_Powdery Mildew_1022.jpg,0,1,0,0,0,0,1,0,0
synthetic_Anthracnose_Gall Midge_363.jpg,1,0,0,0,1,0,0,0,0
synthetic_Bacterial Canker_Powdery Mildew_68.jpg,0,1,0,0,0,0,1,0,0
synthetic_Anthracnose_Powdery Mildew_979.jpg,1,0,0,0,0,0,1,0,0
synthetic_Die Back_uploads_1169.jpg,0,0,0,1,0,0,0,0,1
synthetic_Anthracnose_Sooty Mould_1755.jpg,1,0,0,0,0,0,0,1,0
synthetic_Anthracnose_Bacterial Canker_788.jpg,1,1,0,0,0,0,0,0,0
synthetic_Sooty Mould_uploads_973.jpg,0,0,0,0,0,0,0,1,1
synthetic_Gall Midge_uploads_879.jpg,0,0,0,0,1,0,0,0,1
synthetic_Gall Midge_Powdery Mildew_1528.jpg,0,0,0,0,1,0,1,0,0
synthetic_Sooty Mould_Gall Midge_669.jpg,0,0,0,0,1,0,0,1,0
synthetic_Cutting Weevil_Healthy_668.jpg,0,0,1,0,0,1,0,0,0
synthetic_Cutting Weevil_Anthracnose_990.jpg,1,0,1,0,0,0,0,0,0
synthetic_uploads_Cutting Weevil_707.jpg,0,0,1,0,0,0,0,0,1
synthetic_Sooty Mould_Bacterial Canker_964.jpg,0,1,0,0,0,0,0,1,0
synthetic_Cutting Weevil_uploads_1025.jpg,0,0,1,0,0,0,0,0,1
synthetic_Anthracnose_uploads_189.jpg,1,0,0,0,0,0,0,0,1
synthetic_uploads_Sooty Mould_1472.jpg,0,0,0,0,0,0,0,1,1
synthetic_Cutting Weevil_uploads_1991.jpg,0,0,1,0,0,0,0,0,1
synthetic_Anthracnose_uploads_848.jpg,1,0,0,0,0,0,0,0,1
synthetic_Gall Midge_Anthracnose_518.jpg,1,0,0,0,1,0,0,0,0
synthetic_Bacterial Canker_Die Back_175.jpg,0,1,0,1,0,0,0,0,0
synthetic_Die Back_Powdery Mildew_192.jpg,0,0,0,1,0,0,1,0,0
synthetic_Healthy_Bacterial Canker_1250.jpg,0,1,0,0,0,1,0,0,0
synthetic_uploads_Cutting Weevil_313.jpg,0,0,1,0,0,0,0,0,1
synthetic_Bacterial Canker_Gall Midge_694.jpg,0,1,0,0,1,0,0,0,0
synthetic_Sooty Mould_Gall Midge_1251.jpg,0,0,0,0,1,0,0,1,0
synthetic_Sooty Mould_Cutting Weevil_512.jpg,0,0,1,0,0,0,0,1,0
synthetic_Sooty Mould_Bacterial Canker_290.jpg,0,1,0,0,0,0,0,1,0
synthetic_Gall Midge_Healthy_513.jpg,0,0,0,0,1,1,0,0,0
synthetic_Powdery Mildew_Bacterial Canker_1487.jpg,0,1,0,0,0,0,1,0,0
synthetic_Sooty Mould_uploads_1952.jpg,0,0,0,0,0,0,0,1,1
synthetic_Die Back_Healthy_1130.jpg,0,0,0,1,0,1,0,0,0
synthetic_Cutting Weevil_Gall Midge_247.jpg,0,0,1,0,1,0,0,0,0
synthetic_Die Back_Sooty Mould_459.jpg,0,0,0,1,0,0,0,1,0
synthetic_Bacterial Canker_Gall Midge_920.jpg,0,1,0,0,1,0,0,0,0
synthetic_Gall Midge_Cutting Weevil_1787.jpg,0,0,1,0,1,0,0,0,0
synthetic_uploads_Gall Midge_1164.jpg,0,0,0,0,1,0,0,0,1
synthetic_Healthy_Sooty Mould_460.jpg,0,0,0,0,0,1,0,1,0
synthetic_Powdery Mildew_Anthracnose_221.jpg,1,0,0,0,0,0,1,0,0
synthetic_Cutting Weevil_Sooty Mould_1512.jpg,0,0,1,0,0,0,0,1,0
synthetic_Powdery Mildew_Cutting Weevil_366.jpg,0,0,1,0,0,0,1,0,0
synthetic_Die Back_Powdery Mildew_1048.jpg,0,0,0,1,0,0,1,0,0
synthetic_Healthy_Anthracnose_1820.jpg,1,0,0,0,0,1,0,0,0
synthetic_Bacterial Canker_Die Back_548.jpg,0,1,0,1,0,0,0,0,0
synthetic_Bacterial Canker_Cutting Weevil_593.jpg,0,1,1,0,0,0,0,0,0
synthetic_Anthracnose_Cutting Weevil_986.jpg,1,0,1,0,0,0,0,0,0
synthetic_Powdery Mildew_Gall Midge_1862.jpg,0,0,0,0,1,0,1,0,0
synthetic_Powdery Mildew_Sooty Mould_928.jpg,0,0,0,0,0,0,1,1,0
synthetic_Bacterial Canker_Die Back_141.jpg,0,1,0,1,0,0,0,0,0
synthetic_Cutting Weevil_Healthy_597.jpg,0,0,1,0,0,1,0,0,0
synthetic_Cutting Weevil_Sooty Mould_107.jpg,0,0,1,0,0,0,0,1,0
synthetic_Powdery Mildew_Bacterial Canker_556.jpg,0,1,0,0,0,0,1,0,0
synthetic_uploads_Cutting Weevil_1285.jpg,0,0,1,0,0,0,0,0,1
synthetic_uploads_Die Back_360.jpg,0,0,0,1,0,0,0,0,1
synthetic_Sooty Mould_Bacterial Canker_1923.jpg,0,1,0,0,0,0,0,1,0
synthetic_uploads_Anthracnose_816.jpg,1,0,0,0,0,0,0,0,1
synthetic_Healthy_Powdery Mildew_1760.jpg,0,0,0,0,0,1,1,0,0
synthetic_Powdery Mildew_Healthy_208.jpg,0,0,0,0,0,1,1,0,0
synthetic_Powdery Mildew_Bacterial Canker_683.jpg,0,1,0,0,0,0,1,0,0
synthetic_Gall Midge_Healthy_1791.jpg,0,0,0,0,1,1,0,0,0
synthetic_uploads_Die Back_815.jpg,0,0,0,1,0,0,0,0,1
synthetic_Bacterial Canker_Sooty Mould_572.jpg,0,1,0,0,0,0,0,1,0
synthetic_Bacterial Canker_Anthracnose_283.jpg,1,1,0,0,0,0,0,0,0
synthetic_Healthy_Powdery Mildew_1448.jpg,0,0,0,0,0,1,1,0,0
synthetic_Healthy_Die Back_1490.jpg,0,0,0,1,0,1,0,0,0
synthetic_Gall Midge_Bacterial Canker_698.jpg,0,1,0,0,1,0,0,0,0
synthetic_uploads_Gall Midge_1293.jpg,0,0,0,0,1,0,0,0,1
synthetic_Sooty Mould_uploads_308.jpg,0,0,0,0,0,0,0,1,1
synthetic_Anthracnose_Gall Midge_901.jpg,1,0,0,0,1,0,0,0,0
synthetic_Die Back_Healthy_346.jpg,0,0,0,1,0,1,0,0,0
synthetic_Bacterial Canker_uploads_806.jpg,0,1,0,0,0,0,0,0,1
synthetic_Healthy_Die Back_1551.jpg,0,0,0,1,0,1,0,0,0
synthetic_Healthy_Bacterial Canker_402.jpg,0,1,0,0,0,1,0,0,0
synthetic_Bacterial Canker_Cutting Weevil_1981.jpg,0,1,1,0,0,0,0,0,0
synthetic_Gall Midge_Powdery Mildew_1839.jpg,0,0,0,0,1,0,1,0,0
synthetic_Gall Midge_Anthracnose_79.jpg,1,0,0,0,1,0,0,0,0
synthetic_Healthy_Sooty Mould_502.jpg,0,0,0,0,0,1,0,1,0
synthetic_Cutting Weevil_Healthy_1621.jpg,0,0,1,0,0,1,0,0,0
synthetic_Healthy_uploads_1278.jpg,0,0,0,0,0,1,0,0,1
synthetic_Anthracnose_Bacterial Canker_1329.jpg,1,1,0,0,0,0,0,0,0
synthetic_Sooty Mould_Bacterial Canker_1661.jpg,0,1,0,0,0,0,0,1,0
synthetic_Healthy_Die Back_508.jpg,0,0,0,1,0,1,0,0,0
synthetic_Sooty Mould_Healthy_1213.jpg,0,0,0,0,0,1,0,1,0
synthetic_Powdery Mildew_uploads_209.jpg,0,0,0,0,0,0,1,0,1
synthetic_Sooty Mould_Gall Midge_1070.jpg,0,0,0,0,1,0,0,1,0
synthetic_Bacterial Canker_uploads_817.jpg,0,1,0,0,0,0,0,0,1
synthetic_Anthracnose_Bacterial Canker_176.jpg,1,1,0,0,0,0,0,0,0
synthetic_Cutting Weevil_Die Back_1453.jpg,0,0,1,1,0,0,0,0,0
synthetic_Gall Midge_Die Back_314.jpg,0,0,0,1,1,0,0,0,0
synthetic_Sooty Mould_Gall Midge_653.jpg,0,0,0,0,1,0,0,1,0
synthetic_Die Back_Anthracnose_1110.jpg,1,0,0,1,0,0,0,0,0
synthetic_Healthy_Gall Midge_1307.jpg,0,0,0,0,1,1,0,0,0
synthetic_Anthracnose_Bacterial Canker_1157.jpg,1,1,0,0,0,0,0,0,0
synthetic_Anthracnose_Powdery Mildew_878.jpg,1,0,0,0,0,0,1,0,0
synthetic_Cutting Weevil_Healthy_861.jpg,0,0,1,0,0,1,0,0,0
synthetic_Powdery Mildew_Gall Midge_929.jpg,0,0,0,0,1,0,1,0,0
synthetic_Healthy_uploads_250.jpg,0,0,0,0,0,1,0,0,1
synthetic_uploads_Anthracnose_789.jpg,1,0,0,0,0,0,0,0,1
synthetic_Gall Midge_Powdery Mildew_1461.jpg,0,0,0,0,1,0,1,0,0
synthetic_Sooty Mould_Powdery Mildew_617.jpg,0,0,0,0,0,0,1,1,0
synthetic_Gall Midge_Healthy_670.jpg,0,0,0,0,1,1,0,0,0
synthetic_Gall Midge_uploads_1893.jpg,0,0,0,0,1,0,0,0,1
synthetic_Bacterial Canker_Sooty Mould_1006.jpg,0,1,0,0,0,0,0,1,0
synthetic_Sooty Mould_Powdery Mildew_1135.jpg,0,0,0,0,0,0,1,1,0
synthetic_Die Back_Sooty Mould_851.jpg,0,0,0,1,0,0,0,1,0
synthetic_Bacterial Canker_Gall Midge_367.jpg,0,1,0,0,1,0,0,0,0
synthetic_Gall Midge_Sooty Mould_1170.jpg,0,0,0,0,1,0,0,1,0
synthetic_Anthracnose_Gall Midge_1715.jpg,1,0,0,0,1,0,0,0,0
synthetic_Die Back_uploads_171.jpg,0,0,0,1,0,0,0,0,1
synthetic_uploads_Cutting Weevil_547.jpg,0,0,1,0,0,0,0,0,1
synthetic_Sooty Mould_Powdery Mildew_1886.jpg,0,0,0,0,0,0,1,1,0
synthetic_Gall Midge_Cutting Weevil_11.jpg,0,0,1,0,1,0,0,0,0
synthetic_Gall Midge_Sooty Mould_1180.jpg,0,0,0,0,1,0,0,1,0
synthetic_Gall Midge_Powdery Mildew_1011.jpg,0,0,0,0,1,0,1,0,0
synthetic_Healthy_Powdery Mildew_777.jpg,0,0,0,0,0,1,1,0,0
synthetic_uploads_Bacterial Canker_58.jpg,0,1,0,0,0,0,0,0,1
synthetic_Gall Midge_Sooty Mould_1712.jpg,0,0,0,0,1,0,0,1,0
synthetic_Powdery Mildew_Sooty Mould_830.jpg,0,0,0,0,0,0,1,1,0
synthetic_Die Back_uploads_1332.jpg,0,0,0,1,0,0,0,0,1
synthetic_Bacterial Canker_Anthracnose_1693.jpg,1,1,0,0,0,0,0,0,0
synthetic_Powdery Mildew_Anthracnose_739.jpg,1,0,0,0,0,0,1,0,0
synthetic_Cutting Weevil_uploads_1396.jpg,0,0,1,0,0,0,0,0,1
synthetic_Anthracnose_Die Back_229.jpg,1,0,0,1,0,0,0,0,0
synthetic_Cutting Weevil_Gall Midge_559.jpg,0,0,1,0,1,0,0,0,0
synthetic_Die Back_Anthracnose_1303.jpg,1,0,0,1,0,0,0,0,0
synthetic_Powdery Mildew_uploads_419.jpg,0,0,0,0,0,0,1,0,1
synthetic_Cutting Weevil_Healthy_1757.jpg,0,0,1,0,0,1,0,0,0
synthetic_Bacterial Canker_uploads_1814.jpg,0,1,0,0,0,0,0,0,1
synthetic_Cutting Weevil_uploads_1833.jpg,0,0,1,0,0,0,0,0,1
synthetic_Sooty Mould_uploads_1414.jpg,0,0,0,0,0,0,0,1,1
synthetic_Gall Midge_Anthracnose_268.jpg,1,0,0,0,1,0,0,0,0
synthetic_Powdery Mildew_Sooty Mould_727.jpg,0,0,0,0,0,0,1,1,0
synthetic_Healthy_Cutting Weevil_1068.jpg,0,0,1,0,0,1,0,0,0
synthetic_Bacterial Canker_uploads_293.jpg,0,1,0,0,0,0,0,0,1
synthetic_Die Back_Cutting Weevil_535.jpg,0,0,1,1,0,0,0,0,0
synthetic_Gall Midge_Die Back_1737.jpg,0,0,0,1,1,0,0,0,0
synthetic_Bacterial Canker_Cutting Weevil_1340.jpg,0,1,1,0,0,0,0,0,0
synthetic_Bacterial Canker_Cutting Weevil_526.jpg,0,1,1,0,0,0,0,0,0
synthetic_Healthy_Bacterial Canker_620.jpg,0,1,0,0,0,1,0,0,0
synthetic_Sooty Mould_uploads_963.jpg,0,0,0,0,0,0,0,1,1
synthetic_Healthy_uploads_101.jpg,0,0,0,0,0,1,0,0,1
synthetic_Bacterial Canker_Gall Midge_1376.jpg,0,1,0,0,1,0,0,0,0
synthetic_Healthy_Anthracnose_311.jpg,1,0,0,0,0,1,0,0,0
synthetic_Healthy_Cutting Weevil_778.jpg,0,0,1,0,0,1,0,0,0
synthetic_Cutting Weevil_Anthracnose_570.jpg,1,0,1,0,0,0,0,0,0
synthetic_Sooty Mould_Powdery Mildew_1208.jpg,0,0,0,0,0,0,1,1,0
synthetic_Cutting Weevil_Die Back_186.jpg,0,0,1,1,0,0,0,0,0
synthetic_Bacterial Canker_Die Back_1821.jpg,0,1,0,1,0,0,0,0,0
synthetic_Gall Midge_Cutting Weevil_1465.jpg,0,0,1,0,1,0,0,0,0
synthetic_Healthy_Bacterial Canker_1523.jpg,0,1,0,0,0,1,0,0,0
synthetic_Anthracnose_Bacterial Canker_386.jpg,1,1,0,0,0,0,0,0,0
synthetic_Anthracnose_Cutting Weevil_938.jpg,1,0,1,0,0,0,0,0,0
synthetic_Die Back_Healthy_1819.jpg,0,0,0,1,0,1,0,0,0
synthetic_Die Back_Healthy_1919.jpg,0,0,0,1,0,1,0,0,0
synthetic_Healthy_Anthracnose_12.jpg,1,0,0,0,0,1,0,0,0
synthetic_Powdery Mildew_Gall Midge_939.jpg,0,0,0,0,1,0,1,0,0
synthetic_Die Back_Healthy_1872.jpg,0,0,0,1,0,1,0,0,0
synthetic_Gall Midge_Sooty Mould_269.jpg,0,0,0,0,1,0,0,1,0
synthetic_Powdery Mildew_Bacterial Canker_1494.jpg,0,1,0,0,0,0,1,0,0
synthetic_Anthracnose_Powdery Mildew_1486.jpg,1,0,0,0,0,0,1,0,0
synthetic_Die Back_Anthracnose_618.jpg,1,0,0,1,0,0,0,0,0
synthetic_Powdery Mildew_Gall Midge_564.jpg,0,0,0,0,1,0,1,0,0
synthetic_Cutting Weevil_uploads_1542.jpg,0,0,1,0,0,0,0,0,1
synthetic_Bacterial Canker_Sooty Mould_1108.jpg,0,1,0,0,0,0,0,1,0
synthetic_Powdery Mildew_Gall Midge_1549.jpg,0,0,0,0,1,0,1,0,0
synthetic_uploads_Healthy_271.jpg,0,0,0,0,0,1,0,0,1
synthetic_Healthy_Cutting Weevil_1692.jpg,0,0,1,0,0,1,0,0,0
synthetic_Sooty Mould_Gall Midge_1974.jpg,0,0,0,0,1,0,0,1,0
synthetic_Powdery Mildew_Healthy_394.jpg,0,0,0,0,0,1,1,0,0
synthetic_Powdery Mildew_Bacterial Canker_71.jpg,0,1,0,0,0,0,1,0,0
synthetic_Powdery Mildew_Sooty Mould_1327.jpg,0,0,0,0,0,0,1,1,0
synthetic_Sooty Mould_Powdery Mildew_661.jpg,0,0,0,0,0,0,1,1,0
synthetic_Bacterial Canker_Cutting Weevil_114.jpg,0,1,1,0,0,0,0,0,0
synthetic_Anthracnose_Gall Midge_1436.jpg,1,0,0,0,1,0,0,0,0
synthetic_Die Back_Powdery Mildew_715.jpg,0,0,0,1,0,0,1,0,0
synthetic_Die Back_Bacterial Canker_1714.jpg,0,1,0,1,0,0,0,0,0
synthetic_Anthracnose_Sooty Mould_890.jpg,1,0,0,0,0,0,0,1,0
synthetic_Anthracnose_uploads_91.jpg,1,0,0,0,0,0,0,0,1
synthetic_uploads_Bacterial Canker_1619.jpg,0,1,0,0,0,0,0,0,1
synthetic_uploads_Gall Midge_828.jpg,0,0,0,0,1,0,0,0,1
synthetic_Powdery Mildew_Anthracnose_65.jpg,1,0,0,0,0,0,1,0,0
synthetic_Healthy_uploads_1683.jpg,0,0,0,0,0,1,0,0,1
synthetic_Anthracnose_Powdery Mildew_1432.jpg,1,0,0,0,0,0,1,0,0
synthetic_Cutting Weevil_uploads_550.jpg,0,0,1,0,0,0,0,0,1
synthetic_Gall Midge_Powdery Mildew_380.jpg,0,0,0,0,1,0,1,0,0
synthetic_uploads_Sooty Mould_279.jpg,0,0,0,0,0,0,0,1,1
synthetic_Bacterial Canker_Sooty Mould_674.jpg,0,1,0,0,0,0,0,1,0
synthetic_Anthracnose_Powdery Mildew_644.jpg,1,0,0,0,0,0,1,0,0
synthetic_Anthracnose_Cutting Weevil_761.jpg,1,0,1,0,0,0,0,0,0
synthetic_Healthy_Gall Midge_1567.jpg,0,0,0,0,1,1,0,0,0
synthetic_Powdery Mildew_Anthracnose_1043.jpg,1,0,0,0,0,0,1,0,0
synthetic_Sooty Mould_Bacterial Canker_243.jpg,0,1,0,0,0,0,0,1,0
synthetic_Die Back_Sooty Mould_17.jpg,0,0,0,1,0,0,0,1,0
synthetic_Sooty Mould_Anthracnose_1210.jpg,1,0,0,0,0,0,0,1,0
synthetic_Powdery Mildew_Sooty Mould_1502.jpg,0,0,0,0,0,0,1,1,0
synthetic_Anthracnose_uploads_132.jpg,1,0,0,0,0,0,0,0,1
synthetic_uploads_Powdery Mildew_1292.jpg,0,0,0,0,0,0,1,0,1
synthetic_Cutting Weevil_Bacterial Canker_1354.jpg,0,1,1,0,0,0,0,0,0
synthetic_Powdery Mildew_Die Back_917.jpg,0,0,0,1,0,0,1,0,0
synthetic_Cutting Weevil_Healthy_1956.jpg,0,0,1,0,0,1,0,0,0
synthetic_Gall Midge_Die Back_696.jpg,0,0,0,1,1,0,0,0,0
synthetic_Powdery Mildew_Gall Midge_1994.jpg,0,0,0,0,1,0,1,0,0
synthetic_Gall Midge_uploads_1704.jpg,0,0,0,0,1,0,0,0,1
synthetic_Anthracnose_Bacterial Canker_1911.jpg,1,1,0,0,0,0,0,0,0
synthetic_Healthy_Anthracnose_916.jpg,1,0,0,0,0,1,0,0,0
synthetic_uploads_Cutting Weevil_1993.jpg,0,0,1,0,0,0,0,0,1
synthetic_Sooty Mould_Die Back_1140.jpg,0,0,0,1,0,0,0,1,0
synthetic_Sooty Mould_Healthy_1593.jpg,0,0,0,0,0,1,0,1,0
synthetic_Gall Midge_uploads_1000.jpg,0,0,0,0,1,0,0,0,1
synthetic_Die Back_Anthracnose_1514.jpg,1,0,0,1,0,0,0,0,0
synthetic_Bacterial Canker_Gall Midge_33.jpg,0,1,0,0,1,0,0,0,0
synthetic_Sooty Mould_uploads_1186.jpg,0,0,0,0,0,0,0,1,1
synthetic_Gall Midge_Die Back_1296.jpg,0,0,0,1,1,0,0,0,0
synthetic_Die Back_Gall Midge_1081.jpg,0,0,0,1,1,0,0,0,0
synthetic_Powdery Mildew_Sooty Mould_1339.jpg,0,0,0,0,0,0,1,1,0
synthetic_Powdery Mildew_Anthracnose_187.jpg,1,0,0,0,0,0,1,0,0
synthetic_Bacterial Canker_Die Back_846.jpg,0,1,0,1,0,0,0,0,0
synthetic_Powdery Mildew_Cutting Weevil_50.jpg,0,0,1,0,0,0,1,0,0
synthetic_Sooty Mould_Bacterial Canker_1111.jpg,0,1,0,0,0,0,0,1,0
synthetic_Gall Midge_uploads_475.jpg,0,0,0,0,1,0,0,0,1
synthetic_Powdery Mildew_Gall Midge_745.jpg,0,0,0,0,1,0,1,0,0
synthetic_uploads_Sooty Mould_1393.jpg,0,0,0,0,0,0,0,1,1
synthetic_Healthy_Die Back_232.jpg,0,0,0,1,0,1,0,0,0
synthetic_Gall Midge_Bacterial Canker_537.jpg,0,1,0,0,1,0,0,0,0
synthetic_uploads_Sooty Mould_297.jpg,0,0,0,0,0,0,0,1,1
synthetic_Gall Midge_uploads_795.jpg,0,0,0,0,1,0,0,0,1
synthetic_Bacterial Canker_Powdery Mildew_1601.jpg,0,1,0,0,0,0,1,0,0
synthetic_Healthy_uploads_1240.jpg,0,0,0,0,0,1,0,0,1
synthetic_Anthracnose_Bacterial Canker_1330.jpg,1,1,0,0,0,0,0,0,0
synthetic_Bacterial Canker_Anthracnose_1561.jpg,1,1,0,0,0,0,0,0,0
synthetic_Anthracnose_Die Back_474.jpg,1,0,0,1,0,0,0,0,0
synthetic_Gall Midge_Bacterial Canker_1331.jpg,0,1,0,0,1,0,0,0,0
synthetic_Cutting Weevil_Healthy_1370.jpg,0,0,1,0,0,1,0,0,0
synthetic_uploads_Cutting Weevil_1916.jpg,0,0,1,0,0,0,0,0,1
synthetic_Cutting Weevil_uploads_672.jpg,0,0,1,0,0,0,0,0,1
synthetic_uploads_Healthy_1037.jpg,0,0,0,0,0,1,0,0,1
synthetic_Anthracnose_Bacterial Canker_433.jpg,1,1,0,0,0,0,0,0,0
synthetic_Powdery Mildew_Anthracnose_105.jpg,1,0,0,0,0,0,1,0,0
synthetic_Anthracnose_Healthy_977.jpg,1,0,0,0,0,1,0,0,0
synthetic_Gall Midge_Die Back_1707.jpg,0,0,0,1,1,0,0,0,0
synthetic_uploads_Gall Midge_527.jpg,0,0,0,0,1,0,0,0,1
synthetic_Gall Midge_Cutting Weevil_1650.jpg,0,0,1,0,1,0,0,0,0
synthetic_Gall Midge_Anthracnose_1895.jpg,1,0,0,0,1,0,0,0,0
synthetic_Powdery Mildew_uploads_1801.jpg,0,0,0,0,0,0,1,0,1
synthetic_Anthracnose_Powdery Mildew_457.jpg,1,0,0,0,0,0,1,0,0
synthetic_Bacterial Canker_Gall Midge_348.jpg,0,1,0,0,1,0,0,0,0
synthetic_Anthracnose_Powdery Mildew_606.jpg,1,0,0,0,0,0,1,0,0
synthetic_Anthracnose_Cutting Weevil_322.jpg,1,0,1,0,0,0,0,0,0
